geo_id,zip,geo_label,pop,pop_m,pop_f,pop_under_5,pop_5_to_9,pop_10_to_14,pop_15_to_19,pop_20_to_24,pop_25_to_29,pop_30_to_34,pop_35_to_39,pop_40_to_44,pop_45_to_49,pop_50_to_54,pop_55_to_59,pop_60_to_64,pop_65_to_69,pop_70_to_74,pop_75_to_79,pop_80_to_84,pop_85_older,pop_median,m_median,f_median,pop_sex_ratio
8600000US20001,20001,ZCTA5 20001,43731,21018,22713,4,3,2,6,15,17,14,9,5,5,5,4,5,2,2,2,1,1,30.6,31.4,29.8,92.5
8600000US20002,20002,ZCTA5 20002,57412,27707,29705,6,4,3,4,8,15,12,9,7,6,6,6,5,3,3,1,1,1,34,33.5,34.4,93.3
8600000US20003,20003,ZCTA5 20003,28538,15194,13344,6,3,2,3,8,14,15,10,9,6,5,6,5,4,2,2,1,1,34.8,35.2,34.5,113.9
8600000US20004,20004,ZCTA5 20004,1667,882,785,4,1,1,0,2,14,13,12,14,6,8,3,8,7,4,0,1,2,41,44.1,39.4,112.4
8600000US20005,20005,ZCTA5 20005,12947,6920,6027,3,1,1,1,7,22,19,11,8,6,6,5,4,4,2,1,1,1,33.8,36.6,31.2,114.8
8600000US20006,20006,ZCTA5 20006,2905,1529,1376,0,0,0,44,34,11,3,2,1,0,0,1,0,0,2,1,0,1,20.6,21.1,20.3,111.1
8600000US20007,20007,ZCTA5 20007,26687,12302,14385,6,4,3,5,14,14,9,7,6,5,6,5,6,4,3,2,1,2,33.2,31.7,34.3,85.5
8600000US20008,20008,ZCTA5 20008,28141,12538,15603,4,4,2,2,6,14,14,9,7,5,6,5,5,6,4,3,2,3,37.1,39.9,35.3,80.4
8600000US20009,20009,ZCTA5 20009,51499,27211,24288,4,3,2,2,7,22,18,10,7,6,5,4,4,3,2,1,1,1,32.3,33.9,31.2,112
8600000US20010,20010,ZCTA5 20010,32544,16528,16016,8,4,3,3,7,19,13,9,6,6,5,3,4,3,2,1,1,1,32,32.5,31.3,103.2
8600000US20011,20011,ZCTA5 20011,66571,31925,34646,8,6,4,5,5,10,10,8,7,7,7,7,5,4,3,2,2,3,36.7,35.2,38,92.1
8600000US20012,20012,ZCTA5 20012,14393,6809,7584,7,5,4,4,6,8,6,6,7,8,8,8,7,6,4,3,3,3,44.6,44.2,44.8,89.8
8600000US20015,20015,ZCTA5 20015,16331,7831,8500,6,7,8,5,4,5,6,6,8,8,7,6,8,5,5,3,3,2,42.9,42.1,44.2,92.1
8600000US20016,20016,ZCTA5 20016,35101,15746,19355,6,6,4,11,10,5,5,6,7,7,6,6,6,5,4,3,2,2,38.5,36.7,39.5,81.4
8600000US20017,20017,ZCTA5 20017,19311,8786,10525,8,5,2,5,8,9,10,6,6,5,6,7,6,4,3,3,4,4,37.5,35.2,40.4,83.5
8600000US20018,20018,ZCTA5 20018,19957,8976,10981,9,5,4,6,7,7,6,8,6,6,6,8,5,4,4,3,3,3,38.3,35.5,41.2,81.7
8600000US20019,20019,ZCTA5 20019,56090,24157,31933,8,7,7,8,8,7,6,6,6,7,7,7,5,4,3,2,2,2,35.1,30.9,37.6,75.6
8600000US20020,20020,ZCTA5 20020,53646,23977,29669,8,8,7,8,8,7,8,6,6,6,7,7,5,3,3,2,1,1,33.1,32,33.9,80.8
8600000US20024,20024,ZCTA5 20024,11665,5211,6454,3,2,2,3,7,12,15,10,5,6,7,6,7,7,3,3,2,1,38.2,38.2,37,80.7
8600000US20032,20032,ZCTA5 20032,39776,17629,22147,11,9,7,8,10,8,7,5,7,5,6,6,4,3,2,1,1,1,28.8,26.6,30.7,79.6
8600000US20036,20036,ZCTA5 20036,5405,2475,2930,4,1,0,1,6,25,24,10,6,5,4,5,5,1,2,0,1,1,32.7,34,31.3,84.5
8600000US20037,20037,ZCTA5 20037,15687,7384,8303,2,1,0,13,32,10,9,9,3,4,3,3,3,4,3,2,2,2,26.7,30.7,24.3,88.9
8600000US20045,20045,ZCTA5 20045,25954,12302,13277,6.4,6.4,6.3,6.4,6,7,7.2,6.8,7.1,7.3,7.3,6.6,5.4,4,2.6,1.7,1.2,1.1,37.1,36.2,38.3,95
8600000US20052,20052,ZCTA5 20052,388,199,189,0,0,0,52,41,5,2,0,0,0,0,0,0,0,0,0,0,0,19.9,19.8,20.1,105.3
8600000US20053,20053,ZCTA5 20053,25954,12302,13277,6.4,6.4,6.3,6.4,6,7,7.2,6.8,7.1,7.3,7.3,6.6,5.4,4,2.6,1.7,1.2,1.1,37.1,36.2,38.3,95
8600000US20057,20057,ZCTA5 20057,3651,1576,2075,0,0,0,63,35,1,0,0,0,0,1,1,0,0,0,0,0,0,19.7,19.6,19.7,76
8600000US20064,20064,ZCTA5 20064,1945,863,1082,0,0,0,57,37,3,0,0,0,0,0,0,2,0,0,1,0,0,19.8,19.9,19.7,79.8
8600000US20202,20202,ZCTA5 20202,25954,12302,13277,6.4,6.4,6.3,6.4,6,7,7.2,6.8,7.1,7.3,7.3,6.6,5.4,4,2.6,1.7,1.2,1.1,37.1,36.2,38.3,95
8600000US20204,20204,ZCTA5 20204,25954,12302,13277,6.4,6.4,6.3,6.4,6,7,7.2,6.8,7.1,7.3,7.3,6.6,5.4,4,2.6,1.7,1.2,1.1,37.1,36.2,38.3,95
8600000US20228,20228,ZCTA5 20228,25954,12302,13277,6.4,6.4,6.3,6.4,6,7,7.2,6.8,7.1,7.3,7.3,6.6,5.4,4,2.6,1.7,1.2,1.1,37.1,36.2,38.3,95
8600000US20230,20230,ZCTA5 20230,25954,12302,13277,6.4,6.4,6.3,6.4,6,7,7.2,6.8,7.1,7.3,7.3,6.6,5.4,4,2.6,1.7,1.2,1.1,37.1,36.2,38.3,95
8600000US20240,20240,ZCTA5 20240,25954,12302,13277,6.4,6.4,6.3,6.4,6,7,7.2,6.8,7.1,7.3,7.3,6.6,5.4,4,2.6,1.7,1.2,1.1,37.1,36.2,38.3,95
8600000US20245,20245,ZCTA5 20245,25954,12302,13277,6.4,6.4,6.3,6.4,6,7,7.2,6.8,7.1,7.3,7.3,6.6,5.4,4,2.6,1.7,1.2,1.1,37.1,36.2,38.3,95
8600000US20260,20260,ZCTA5 20260,25954,12302,13277,6.4,6.4,6.3,6.4,6,7,7.2,6.8,7.1,7.3,7.3,6.6,5.4,4,2.6,1.7,1.2,1.1,37.1,36.2,38.3,95
8600000US20307,20307,ZCTA5 20307,299,248,51,0,0,0,0,23,32,31,0,5,0,0,0,9,0,0,0,0,0,29.6,29.6,30,486.3
8600000US20317,20317,ZCTA5 20317,482,370,112,0,0,0,0,0,0,0,0,0,6,3,3,3,5,4,9,21,47,84.3,83.6,88.5,330.4
8600000US20319,20319,ZCTA5 20319,89,89,0,0,0,0,21,74,5,0,0,0,0,0,0,0,0,0,0,0,0,20.8,20.8,NULL,NULL
8600000US20373,20373,ZCTA5 20373,141,141,0,0,0,0,10,76,10,0,4,0,0,0,0,0,0,0,0,0,0,21.6,21.6,NULL,NULL
8600000US20390,20390,ZCTA5 20390,485,453,32,0,0,0,29,65,4,2,0,0,0,0,0,0,0,0,0,0,0,21,21,20.5,1415.6
8600000US20405,20405,ZCTA5 20405,25954,12302,13277,6.4,6.4,6.3,6.4,6,7,7.2,6.8,7.1,7.3,7.3,6.6,5.4,4,2.6,1.7,1.2,1.1,37.1,36.2,38.3,95
8600000US20418,20418,ZCTA5 20418,25954,12302,13277,6.4,6.4,6.3,6.4,6,7,7.2,6.8,7.1,7.3,7.3,6.6,5.4,4,2.6,1.7,1.2,1.1,37.1,36.2,38.3,95
8600000US20427,20427,ZCTA5 20427,25954,12302,13277,6.4,6.4,6.3,6.4,6,7,7.2,6.8,7.1,7.3,7.3,6.6,5.4,4,2.6,1.7,1.2,1.1,37.1,36.2,38.3,95
8600000US20506,20506,ZCTA5 20506,25954,12302,13277,6.4,6.4,6.3,6.4,6,7,7.2,6.8,7.1,7.3,7.3,6.6,5.4,4,2.6,1.7,1.2,1.1,37.1,36.2,38.3,95
8600000US20510,20510,ZCTA5 20510,25954,12302,13277,6.4,6.4,6.3,6.4,6,7,7.2,6.8,7.1,7.3,7.3,6.6,5.4,4,2.6,1.7,1.2,1.1,37.1,36.2,38.3,95
8600000US20520,20520,ZCTA5 20520,25954,12302,13277,6.4,6.4,6.3,6.4,6,7,7.2,6.8,7.1,7.3,7.3,6.6,5.4,4,2.6,1.7,1.2,1.1,37.1,36.2,38.3,95
8600000US20535,20535,ZCTA5 20535,25954,12302,13277,6.4,6.4,6.3,6.4,6,7,7.2,6.8,7.1,7.3,7.3,6.6,5.4,4,2.6,1.7,1.2,1.1,37.1,36.2,38.3,95
8600000US20540,20540,ZCTA5 20540,25954,12302,13277,6.4,6.4,6.3,6.4,6,7,7.2,6.8,7.1,7.3,7.3,6.6,5.4,4,2.6,1.7,1.2,1.1,37.1,36.2,38.3,95
8600000US20551,20551,ZCTA5 20551,25954,12302,13277,6.4,6.4,6.3,6.4,6,7,7.2,6.8,7.1,7.3,7.3,6.6,5.4,4,2.6,1.7,1.2,1.1,37.1,36.2,38.3,95
8600000US20553,20553,ZCTA5 20553,25954,12302,13277,6.4,6.4,6.3,6.4,6,7,7.2,6.8,7.1,7.3,7.3,6.6,5.4,4,2.6,1.7,1.2,1.1,37.1,36.2,38.3,95
8600000US20560,20560,ZCTA5 20560,25954,12302,13277,6.4,6.4,6.3,6.4,6,7,7.2,6.8,7.1,7.3,7.3,6.6,5.4,4,2.6,1.7,1.2,1.1,37.1,36.2,38.3,95
8600000US20565,20565,ZCTA5 20565,25954,12302,13277,6.4,6.4,6.3,6.4,6,7,7.2,6.8,7.1,7.3,7.3,6.6,5.4,4,2.6,1.7,1.2,1.1,37.1,36.2,38.3,95
8600000US20566,20566,ZCTA5 20566,25954,12302,13277,6.4,6.4,6.3,6.4,6,7,7.2,6.8,7.1,7.3,7.3,6.6,5.4,4,2.6,1.7,1.2,1.1,37.1,36.2,38.3,95
8600000US20593,20593,ZCTA5 20593,25954,12302,13277,6.4,6.4,6.3,6.4,6,7,7.2,6.8,7.1,7.3,7.3,6.6,5.4,4,2.6,1.7,1.2,1.1,37.1,36.2,38.3,95
8600000US20109,20109,ZCTA5 20109,37332,18573,18759,9.7,6.9,7.3,6.1,6.6,9.7,10.8,8.9,7.7,6.6,5.7,4.4,3.7,1.9,1.5,0.8,0.7,1,31.8,31.5,32.2,99
8600000US20110,20110,ZCTA5 20110,48019,24631,23388,7.6,7.4,6.8,6.7,7.3,8.2,8.5,7.2,7.8,7.3,7.2,6.3,3.8,2.7,2.3,1.1,0.9,1,33.6,32.7,34.5,105.3
8600000US20111,20111,ZCTA5 20111,34000,17482,16518,7,9.1,7.2,7.4,7.2,6.2,8.4,7.3,8.3,8.5,6.4,5.8,3.9,3,2.3,1.1,0.5,0.4,33.6,33.5,33.8,105.8
8600000US20112,20112,ZCTA5 20112,26867,13442,13425,5.6,7.2,9.2,7.8,5.9,4,3.6,5.5,7.5,9.4,10.7,8.1,6.8,4,2.5,1.1,0.6,0.5,40.7,40.4,41,100.1
8600000US20120,20120,ZCTA5 20120,41180,19902,21278,6.2,7.2,8.1,6.9,5.6,6.2,7.3,7.8,8.9,7.7,9.5,6.6,4.7,2.9,2.1,1.1,0.6,0.5,36.8,35.9,37.4,93.5
8600000US20121,20121,ZCTA5 20121,29835,14817,15018,8.5,5.9,6.7,6.8,7,8,10.3,8.4,7.1,8.2,8.9,5.7,3.4,1.8,1.3,1,0.8,0.2,33.1,32.5,33.7,98.7
8600000US20124,20124,ZCTA5 20124,15620,8127,7493,4.9,7,7.6,8.9,5.9,3.6,4.9,5.1,6,7.7,11.3,8.5,7.6,4.9,3,0.6,1.8,0.6,41.8,37.5,45.2,108.5
8600000US20136,20136,ZCTA5 20136,31361,15266,16095,10.5,10.7,9.7,7.4,5,4.3,7.4,9.4,10.3,8.3,7.3,3,2.7,1.8,1,0.4,0.3,0.6,31.6,31.4,31.7,94.8
8600000US20147,20147,ZCTA5 20147,61983,29764,32219,8.3,8,8.3,6.7,5,6.1,8.6,7.8,8.8,8.2,7.2,5.3,3.7,2.7,1.7,1.8,1,0.8,34.3,33.9,34.8,92.4
8600000US20148,20148,ZCTA5 20148,38831,18867,19964,10,11,11.3,4.5,2.7,4.7,8.6,12.5,12.6,8.6,5.2,3.6,2.2,1.3,0.6,0.3,0.2,0,33.5,35.2,32.4,94.5
8600000US20151,20151,ZCTA5 20151,22203,10598,11605,7.6,7.2,7.2,7.7,4.8,6.7,7,6,7.5,7.9,9.5,8.4,5.9,2.8,2.1,1.2,0.2,0.3,35.9,36,35.8,91.3
8600000US20152,20152,ZCTA5 20152,28574,14372,14202,9.2,11.7,9.9,6.3,2.1,3.3,8.4,10.2,13.5,8.7,5.5,3.7,2.5,2.1,1.4,1,0.5,0,34.4,33.8,34.9,101.2
8600000US20164,20164,ZCTA5 20164,39222,19939,19283,7.8,6.8,6.5,7.6,6.9,7.9,8.9,8,7.2,7.5,6.6,5.7,3.7,3.2,2.5,1.3,1.1,0.7,33.6,32.4,35.1,103.4
8600000US20165,20165,ZCTA5 20165,33519,16465,17054,7,7.6,7.5,6.7,3.5,4.8,7,8.4,9.2,9.7,7.7,6.9,4.6,3.8,2,1.2,1.3,1.3,38.4,37.3,39.2,96.5
8600000US20166,20166,ZCTA5 20166,10150,5226,4924,8.8,8.5,6.3,6.4,3.8,6.6,12.5,11.8,10.8,7.2,6,4.4,3.4,1.4,1.1,0.4,0.1,0.3,33.8,34.6,32.8,106.1
8600000US20170,20170,ZCTA5 20170,42818,21688,21130,7.4,8.2,6.3,5.9,5.8,6.8,9.9,8.8,7.1,7.1,6.5,6.9,6,3.4,1.8,1,0.4,0.7,34.9,33.8,35.9,102.6
8600000US20171,20171,ZCTA5 20171,49067,24231,24836,7.9,7.2,8.2,5.9,4.6,7.5,9.1,8,8.8,8.4,7.5,6.4,4.6,2.9,1.4,0.8,0.4,0.5,34.8,35.1,34.2,97.6
8600000US20190,20190,ZCTA5 20190,18445,8970,9475,7.1,4.7,4.2,3.3,6.7,7.2,10.7,8.8,6.9,7,6.7,6.5,4.6,4.3,3.2,2.9,2.5,2.7,38.2,35.9,40.7,94.7
8600000US20191,20191,ZCTA5 20191,29362,14170,15192,7.1,6.4,5.8,4.7,4.4,6.6,8.4,8.2,8.6,7.5,6.7,6.5,5.7,5.7,3.5,2,1.1,1.2,39.1,37.4,40.3,93.3
8600000US20194,20194,ZCTA5 20194,13635,6387,7248,6.7,6.4,4.7,5.8,5,6.5,8.1,7.6,7.3,8.1,9.6,7.6,8.5,4.3,1.4,1.1,0.4,0.8,39.3,40.7,38.6,88.1
8600000US20601,20601,ZCTA5 20601,25028,12190,12838,5.8,6.8,6.9,8.7,6.6,5.9,6.7,7.4,7.3,8.7,9.7,6.7,4.3,3.3,1.9,1.4,1.2,0.5,36.6,34.9,38.3,95
8600000US20602,20602,ZCTA5 20602,26708,12250,14458,8.2,5.8,8,7.4,5.9,8.8,8.3,8.1,8.7,6.2,6.8,5.3,4,3,1.8,1,1.3,1.4,33.2,32.3,34.7,84.7
8600000US20603,20603,ZCTA5 20603,31784,14660,17124,6.5,8.2,9.6,7.3,6.9,5.8,6.4,6.1,9,10.3,7.1,5.9,4.2,3.4,1.1,0.9,0.6,0.7,34.7,34,35.4,85.6
8600000US20607,20607,ZCTA5 20607,10639,5099,5540,4.2,5.3,9.7,6,5.9,4.7,5.1,5.4,8.4,9.9,8.4,8.1,8.7,4.3,1.8,1.2,2,1,41.6,41.4,41.6,92
8600000US20611,20611,ZCTA5 20611,1197,643,554,1.9,2.8,5,9.9,2.6,10.2,2.9,1.3,7.8,9.2,7.4,8.4,10.2,5.3,1.3,9.5,4,0.4,48.8,46,49.7,116.1
8600000US20613,20613,ZCTA5 20613,14606,7567,7039,5.2,7,6.6,7.1,6.1,5.3,5.6,5.3,8.9,9.1,10.3,6.4,5.9,4,3.5,1.8,0.9,1.1,40.9,39.8,43.1,107.5
8600000US20616,20616,ZCTA5 20616,6014,2807,3207,5.8,7,9.7,8.8,6.1,5.3,5.9,8.3,7.5,7.6,5.6,7.3,4.2,3.3,3.4,1.9,0.5,1.8,35.6,33.9,37,87.5
8600000US20637,20637,ZCTA5 20637,5247,2523,2724,2.2,4.5,5.5,6.8,9.8,2.5,5.8,4,5.5,12.2,14.3,8.2,8.3,4.2,2.8,1.3,1.6,0.6,46.1,45.5,46.9,92.6
8600000US20639,20639,ZCTA5 20639,15034,7700,7334,4.5,4.5,10.4,9.2,5.8,5,4.1,4.6,7.3,9.1,11.2,8.5,4.6,4.5,2.8,1.5,1,1.2,40.7,37.9,43.1,105
8600000US20640,20640,ZCTA5 20640,11137,5342,5795,6.7,8,7,8.8,8.3,5.6,5.7,5.2,8.3,8.6,6.6,6.8,3.9,3.9,2.3,1.7,1.1,1.5,34.9,31.6,38.2,92.2
8600000US20646,20646,ZCTA5 20646,18615,9513,9102,5.4,5.4,7.1,6.6,4.8,6.1,5.5,4.3,6.9,8.3,9.1,7.5,7.3,4.9,4.2,2.4,2,2.2,43.3,41.5,45.9,104.5
8600000US20675,20675,ZCTA5 20675,1563,816,747,3.6,5.4,5.4,6.1,6.3,7,2.9,5.3,6.1,7.8,13,3.7,8.7,7.2,5.7,2.1,1.8,1.9,47.2,44.3,49.6,109.2
8600000US20695,20695,ZCTA5 20695,5661,2712,2949,2.6,7,7.8,5.9,5.4,3.3,5.7,4.5,10.6,9.8,8.4,6.7,6.9,5.6,5.5,2.5,1.2,0.6,44.2,41.3,45.3,92
8600000US20705,20705,ZCTA5 20705,27305,12945,14360,6.7,8.2,7.3,4.5,4.6,8,7.4,8.4,6.8,7.6,7.2,6.8,5.2,3.9,2.6,1.8,1.5,1.5,37,36.4,38.1,90.1
8600000US20706,20706,ZCTA5 20706,39718,19383,20335,7.6,7.6,6.7,7.7,7.5,6.3,5.6,7.3,7,6,6.7,7,6,3.8,2.7,1.7,1.3,1.4,35.9,33.3,37.1,95.3
8600000US20707,20707,ZCTA5 20707,32362,15487,16875,8.1,6.9,5.3,5.2,5.2,7.9,8.6,7.7,7.9,7.5,7.4,6.3,5.2,4.4,2.5,1.5,1.5,1,36.7,36.3,37,91.8
8600000US20708,20708,ZCTA5 20708,26196,12239,13957,8.9,7.7,7.3,4.2,7.1,9.3,8.8,7.9,7.5,7.4,6.5,4.9,4.3,2.8,1.9,1.6,1.1,0.9,33.2,33.6,32.8,87.7
8600000US20710,20710,ZCTA5 20710,9690,4566,5124,7.1,6.8,8.6,6.4,6.9,8.2,5.6,8.5,9.5,7.3,3.4,4.3,6.3,4.9,1.6,1.4,1.1,2,35.2,35.4,34.9,89.1
8600000US20712,20712,ZCTA5 20712,9146,4339,4807,9.9,6.4,4.6,5.3,7.2,11.3,12,6.6,7.2,6,5.5,6,4.9,3.4,1.7,0.6,0.6,0.9,32.2,32.6,31.3,90.3
8600000US20714,20714,ZCTA5 20714,4394,2060,2334,5.6,5.3,6.3,5.7,6.1,5.3,6.2,8.5,7.5,7.2,7.1,8.2,6.3,7,2,1.4,1.9,2.1,40.3,40.1,41.2,88.3
8600000US20715,20715,ZCTA5 20715,26627,13013,13614,5.7,6,5.7,6.9,8,6.2,4.6,5.6,6.8,8.2,8.3,7,5.9,4.2,3.2,2.9,2.4,2.4,40.7,38.8,42.4,95.6
8600000US20716,20716,ZCTA5 20716,21860,9942,11918,7.3,4.8,8,6.9,5.3,5.6,6.4,6.8,9.1,10.2,7,7.3,4.8,3.6,2.4,2.1,1.1,1.3,39.3,37,41.3,83.4
8600000US20720,20720,ZCTA5 20720,21865,9959,11906,6.2,6.1,7.5,6.4,6.9,4.4,6.3,6.6,8.8,8.1,9.5,6.9,6.8,5.1,2.2,1.2,0.7,0.4,39.7,39.3,39.8,83.6
8600000US20721,20721,ZCTA5 20721,27718,12809,14909,6.7,5.4,5.4,8.2,5.3,4.9,4.8,5,6.4,7.3,10.6,8.8,7.6,5.3,3.1,2,1.7,1.5,43.4,40.8,45.4,85.9
8600000US20722,20722,ZCTA5 20722,5966,2913,3053,7.4,6.3,6.4,4.8,9,7,6.7,8.4,6.7,7.6,7,5.7,5.8,4.4,2.8,2.1,0.9,1,36,32.8,38.4,95.4
8600000US20723,20723,ZCTA5 20723,32129,15371,16758,7.4,8.2,6.9,7.2,5.9,6.9,6.8,7.5,9.5,8,7.6,6.8,4.4,2.6,2,1.1,0.7,0.6,35.4,35.5,35.3,91.7
8600000US20724,20724,ZCTA5 20724,17060,8286,8774,8.6,6.6,4.7,4.6,6.6,9.1,7.9,8.7,10.6,7.8,8.8,5.2,4.6,2.6,1.8,1.3,0.6,0.1,36.5,36.4,36.5,94.4
8600000US20732,20732,ZCTA5 20732,9973,4522,5451,7.3,7,8.3,6.8,7.2,7.5,6.2,6.5,6.7,7.3,7.6,6.6,5.3,4.8,1.9,1,1.2,0.5,34.4,37.2,33,83
8600000US20733,20733,ZCTA5 20733,2799,1463,1336,3.8,9.5,5.7,5.6,3.7,3.6,5.9,3.8,9,9,9.2,9,7.7,6.5,2,1.6,2.2,2.2,44.4,45.1,42.3,109.5
8600000US20735,20735,ZCTA5 20735,38610,18802,19808,5,6.2,6.1,5.9,6.9,6,4.6,6.1,7.5,8.5,9.7,6.8,7.6,5.3,3.1,1.7,1.5,1.2,42.3,40.5,43.3,94.9
8600000US20737,20737,ZCTA5 20737,21720,11214,10506,10.5,8.2,6.6,5.9,7.7,9.2,11.3,7.8,5.4,6.4,6.5,4,3.5,1.9,2,0.9,1.5,0.7,30.7,30.4,31.2,106.7
8600000US20740,20740,ZCTA5 20740,31152,16812,14340,4.6,3,2.7,11.2,28.8,10.5,6.3,4.2,4.5,3.5,4.6,4.2,3.9,3,1.6,1.2,1.4,0.9,24.9,24.5,25.4,117.2
8600000US20742,20742,ZCTA5 20742,6759,3546,3213,0,0,0,76.8,23.1,0.1,0,0,0,0,0,0,0,0,0,0,0,0,19.2,19.2,19.2,110.4
8600000US20743,20743,ZCTA5 20743,38828,17639,21189,6,6.4,6.7,7.2,6.8,6.4,7.7,6.7,6.1,8.1,7.3,6,5.5,4.4,3.9,2.4,1.4,1,36.9,35.2,38.4,83.2
8600000US20744,20744,ZCTA5 20744,51759,24883,26876,5.4,4.7,4.7,6.1,6.4,5.8,6.5,5.8,7.1,7.3,7,8.2,8.2,6.8,4.5,3,1.2,1.5,43.4,40.9,45.7,92.6
8600000US20745,20745,ZCTA5 20745,29145,13862,15283,5.3,7.8,6.5,5.7,6.4,9.2,7.9,8.5,6.5,7.6,6.7,6.8,5.7,3.9,2.6,1.5,0.9,0.5,35.6,33.8,37.1,90.7
8600000US20746,20746,ZCTA5 20746,27196,11903,15293,6.2,6.7,6.3,7,9.4,7.1,7.7,6,7.5,6.9,8,5.7,5.6,3.9,2.5,2.2,0.6,0.7,34.8,32,36.3,77.8
8600000US20747,20747,ZCTA5 20747,37800,17543,20257,7.4,6.2,6.3,6.6,7.1,7.5,6.6,6.7,6.8,7.9,8.2,6.8,5.7,4.2,2.6,1.4,1,0.9,36.6,35,37.9,86.6
8600000US20748,20748,ZCTA5 20748,38236,17940,20296,6,5.9,5.8,6.3,7.6,7.7,6.9,5.9,6.2,6.4,8,7.2,6,4.8,3.6,2.4,1.7,1.6,38.2,34.6,42.6,88.4
8600000US20751,20751,ZCTA5 20751,2327,1239,1088,3.4,2.4,8,4,6.8,5.4,7.9,4.9,2.1,9.1,12.1,8.6,9.8,3.2,7.8,2.7,0.7,1.1,48.2,48.2,48.2,113.9
8600000US20754,20754,ZCTA5 20754,6616,3368,3248,3.2,4.8,11.1,8,3.9,4.6,1.9,5.8,6.5,8.2,10.9,9,8.4,4.3,4.1,2.2,1.6,1.4,45,43.2,46.7,103.7
8600000US20758,20758,ZCTA5 20758,488,250,238,4.1,0,0,4.7,3.7,10.2,2,4.3,4.5,8.4,15.8,7,3.9,6.8,13.3,11.3,0,0,52.2,54.4,51.3,105
8600000US20759,20759,ZCTA5 20759,4250,1748,2502,6.5,9.9,7.8,6.5,4.4,2.8,5.3,3.8,7.4,7.6,10.4,7.4,2.6,4.8,3.7,2.1,4,2.9,41.6,42.8,40.8,69.9
8600000US20763,20763,ZCTA5 20763,2101,1077,1024,7.7,5.2,4.1,11,6.1,14.4,10.7,10.9,7,3.6,1.4,5.4,4.1,1.8,1.9,2.1,1.2,1.3,31.2,28,31.5,105.2
8600000US20764,20764,ZCTA5 20764,4801,2279,2522,6.1,6.9,11.7,6.6,4.9,3.2,9.2,5.2,5.1,7,7.4,8.5,8.8,2.7,3.7,1.4,0.8,0.8,37.1,37.3,37,90.4
8600000US20769,20769,ZCTA5 20769,6619,3188,3431,4.1,6.3,8.6,8.1,4.4,7.6,3.6,5.7,6.8,9.3,7.3,9.9,6.5,5.4,1.7,2.2,2.4,0.3,41.3,38.4,42.3,92.9
8600000US20770,20770,ZCTA5 20770,25954,12099,13855,6.7,6.1,7.6,6.5,7.4,9.6,8.9,8.1,7,5.8,6.7,6.5,5.2,3.6,1.9,0.8,0.8,0.8,33.2,30.8,35.9,87.3
8600000US20772,20772,ZCTA5 20772,44836,21502,23334,5,5.6,7.4,7.5,6.6,5.3,6.3,6.6,8.5,8.9,8.8,7.3,5.9,4,2.8,1.9,1,0.5,39.7,37.4,41.4,92.1
8600000US20774,20774,ZCTA5 20774,44796,20018,24778,5.4,5,6.3,6.8,6.1,6.9,6.7,6.4,7.3,8.3,8.7,7.1,6.6,4.8,3.3,1.6,1.4,1.4,40.2,35.4,42.7,80.8
8600000US20777,20777,ZCTA5 20777,3719,1902,1817,3.7,5.4,7.9,6.6,5.9,2.9,6.3,3,4.4,7,12.9,7.7,8.5,3.8,6.1,3.1,3.7,1.2,48.4,43.7,50.2,104.7
8600000US20778,20778,ZCTA5 20778,1909,967,942,4.5,6.5,5.1,6.9,7.8,2.1,4.8,0.4,6.1,6.1,14.6,8,6.3,8.3,7,0,3.6,2,49.4,50.1,47.5,102.7
8600000US20781,20781,ZCTA5 20781,11493,5956,5537,8.8,6.8,6.7,6.6,5.5,8.7,9,8.8,6.3,6.7,7,6.9,4.3,3.6,1.8,0.9,0.6,0.9,33.7,32.4,34.4,107.6
8600000US20782,20782,ZCTA5 20782,33896,16575,17321,6.8,5.6,5.4,5.5,9.4,10.3,9.7,8.8,5.6,6.5,5.9,5.5,4.6,3.4,2.7,1.9,1.3,1.2,33.4,33.2,33.7,95.7
8600000US20783,20783,ZCTA5 20783,48590,27012,21578,8.7,6.8,5.4,4.3,7.1,12.6,12.2,8.9,6.6,5.9,5.4,4.9,3.4,2.6,1.7,1,0.9,1.4,31.7,31.2,32.5,125.2
8600000US20784,20784,ZCTA5 20784,30306,14799,15507,8,7.2,6.8,6.3,7.8,7.4,8.1,5.8,7,7.3,7.3,6.9,5.3,3.8,1.5,1.3,1,1,34,33.8,34.3,95.4
8600000US20785,20785,ZCTA5 20785,36592,16681,19911,9.1,7,5.7,6.6,6.4,8,8,7,7.1,7.3,7.4,6.2,4.6,3.8,2.6,2,0.6,0.8,34.5,33.4,35.6,83.8
8600000US20794,20794,ZCTA5 20794,14510,8854,5656,3.2,3.7,4.2,3.5,8.1,11.3,8.3,8,8.9,11.4,8.8,6.1,6.6,3.1,0.9,2,0.5,1.4,39.8,40.1,39.4,156.5
8600000US20814,20814,ZCTA5 20814,28241,12972,15269,5.5,4.8,5.1,4.4,5.9,9.2,8,6.8,6,6.9,8,5.6,6.6,5.8,3.2,2.6,2.2,3.2,40.1,39.9,40.3,85
8600000US20815,20815,ZCTA5 20815,30009,13731,16278,6,6.2,6.3,4.6,2.9,5.4,5.1,6.3,6.2,7.7,7.2,6.4,7.5,7,4,3.6,3,4.5,45.6,46.1,45.3,84.4
8600000US20816,20816,ZCTA5 20816,16581,7980,8601,5,9.2,7.8,6.9,3.1,2.5,2,5.7,8,8.5,7.4,7.9,6.7,5.6,4.5,3,2.7,3.4,44.9,43.4,46.8,92.8
8600000US20817,20817,ZCTA5 20817,36164,16906,19258,5.6,6.9,8.1,6.8,3.9,2.9,2.6,5.4,8,9.5,8,7,6.8,5.2,4.1,3.1,2.8,3.3,44.9,44.4,45.3,87.8
8600000US20818,20818,ZCTA5 20818,2056,931,1125,3.6,7.2,9.3,4.7,7.6,4.2,1.2,6.4,4.2,7.4,11.1,10.5,12.5,4.4,2.2,1.1,1.3,1.2,46.1,46.8,43.4,82.8
8600000US20832,20832,ZCTA5 20832,26151,12598,13553,5.1,6,8.1,9.3,5.7,5,3.5,5.7,7,8.1,9.6,8.6,7.2,3.9,3,1.5,1.2,1.5,41.4,40.3,42,93
8600000US20837,20837,ZCTA5 20837,6046,2916,3130,3.2,6.6,11,10,6.2,3.7,1.9,5.3,8.7,7.2,13.8,8,7.2,3.2,2.1,0.3,0.6,0.8,41.7,41.5,42.2,93.2
8600000US20841,20841,ZCTA5 20841,11467,5845,5622,7,9.2,10.6,6.3,4.2,6.1,4.6,7.8,8.4,11.2,6.6,4.6,5.7,2.3,3.2,1.3,0.8,0.3,36.9,36.9,36.9,104
8600000US20850,20850,ZCTA5 20850,47184,21781,25403,5.7,5.8,6.3,4.7,6,7.1,6,7.5,7.4,7.5,7.8,6.8,5.8,4.9,3.6,2.5,2.1,2.6,40.5,39.9,40.9,85.7
8600000US20851,20851,ZCTA5 20851,14930,7803,7127,8.9,5.1,5.3,6.3,6.5,7.3,12.8,6.6,5.7,7.5,7.5,6.1,5.5,3,3,1.3,0.8,0.8,33.9,32.3,36.5,109.5
8600000US20852,20852,ZCTA5 20852,45962,21842,24120,5.9,5.2,5.1,4.7,5.6,9.5,9.4,7.8,7.6,6.6,5.6,5.5,4.6,4.3,3.6,2.4,2.5,4.1,38.2,36.7,39.4,90.6
8600000US20853,20853,ZCTA5 20853,30336,15203,15133,6,6.3,5.7,6.6,5.8,5.9,6.1,5.2,6.7,7.6,7.8,6.7,7.3,4.6,4.3,3.1,2.1,2.3,41.8,40,43.1,100.5
8600000US20854,20854,ZCTA5 20854,50494,25043,25451,4.6,6.5,8.4,7.6,3.9,2.3,2.7,4.3,6.1,9.1,8.9,7.8,8,6.7,5.4,3.6,2.2,1.9,47.1,46.4,47.6,98.4
8600000US20855,20855,ZCTA5 20855,14686,7383,7303,5.4,4.6,6.8,9.3,6.1,5.3,4.6,5.1,5.9,8,9.5,8.1,5.6,5.4,3.9,2.2,2.8,1.4,41.8,38.3,43.5,101.1
8600000US20860,20860,ZCTA5 20860,2566,1231,1335,1.4,9.5,5.6,11.6,3,3.9,2,3.2,9,6.4,5.4,7.2,4.3,3.4,3.5,4.2,5.7,10.6,45.4,40.8,49.6,92.2
8600000US20866,20866,ZCTA5 20866,13959,6661,7298,7,7.4,5.8,7,6,8.6,6.3,7.5,5.6,8.5,7.3,8,5.4,3,2,1.4,2,1.1,35.8,34.4,38.1,91.3
8600000US20871,20871,ZCTA5 20871,16795,7961,8834,8.8,10.6,8.8,5.6,3.3,4.6,8.1,10.2,8.5,7.8,8.2,4.8,3.8,2.6,1.8,0.9,0.9,0.6,35,35.5,34.8,90.1
8600000US20872,20872,ZCTA5 20872,13016,6420,6596,7.6,6,7.7,8.3,5.3,6.1,4.6,6.9,6.4,7,9.3,9,7.1,3.8,1.8,1.4,0.6,0.9,37.5,37.8,37.3,97.3
8600000US20874,20874,ZCTA5 20874,59202,29024,30178,7.1,7.9,7.9,6.3,4.9,7.1,8.4,8.4,8.9,7.5,9.3,6.1,3.8,2.9,1.6,1.1,0.4,0.6,35.2,33.4,36.6,96.2
8600000US20876,20876,ZCTA5 20876,26423,12649,13774,5.7,7.8,7.4,7.7,6.9,6.3,8.5,7.8,7,7.9,7.4,7.7,5.2,2.5,1.8,1.2,0.7,0.5,34.8,33.9,36.2,91.8
8600000US20877,20877,ZCTA5 20877,36724,18424,18300,9,7.7,4.6,5.2,7.6,9,9.9,8,5.5,6.2,6.4,5.7,4.2,2.7,2.1,1.5,2,2.8,33.9,32.3,35.8,100.7
8600000US20878,20878,ZCTA5 20878,64890,31693,33197,6.8,7.1,7.2,6.5,4.6,5.3,7.2,7.8,6.6,8.3,8.3,7.7,6,4.6,2.7,1.9,0.6,0.8,38.3,37.2,39.3,95.5
8600000US20879,20879,ZCTA5 20879,25584,12307,13277,6.8,7.1,8.5,6.4,7.1,6.7,7.2,7.8,7.1,7,7.4,7.1,5.5,4.3,1.8,1.4,0.4,0.5,35.1,34.3,35.7,92.7
8600000US20882,20882,ZCTA5 20882,14253,7037,7216,3.3,5.7,9.4,9.2,4.6,4.2,4.1,3,5.6,9.3,11.6,10.3,7.1,5.2,2.8,2.4,0.9,1.3,45.4,45.2,45.6,97.5
8600000US20886,20886,ZCTA5 20886,34752,16757,17995,8.9,6.7,5.9,6.8,6.9,7.8,8.5,7.2,6.5,7.1,6.9,7.3,4.6,3.7,2.4,1,1.1,0.9,34.1,31.8,36,93.1
8600000US20895,20895,ZCTA5 20895,19494,9176,10318,6.9,7.2,7.2,5.1,4.1,4.5,4.9,6.6,8.7,7.9,6.8,7.3,7.2,4.9,3.8,2.1,2.3,2.7,42.3,41.7,42.8,88.9
8600000US20901,20901,ZCTA5 20901,36280,17638,18642,8.3,6.2,6.5,5.5,5.4,6.5,8.9,6.7,7.8,7.2,7.6,6.5,6.5,4.2,2.2,1.5,1.1,1.5,37.2,36,38.5,94.6
8600000US20902,20902,ZCTA5 20902,51960,26362,25598,9.1,5.9,6,5.8,6.2,9,9,6.4,8,6.6,5.7,5.9,5.2,4,2.4,1.8,1.4,1.6,34.4,32.7,36.1,103
8600000US20903,20903,ZCTA5 20903,25835,13232,12603,9.4,7.6,6.4,6.6,8.1,8.4,8.5,10.9,6.8,6.6,5.3,4.1,3.5,3.2,2,1,0.7,0.9,32.1,31.2,33.2,105
8600000US20904,20904,ZCTA5 20904,55623,25675,29948,5.3,6.2,6.9,6.5,6.1,6.3,7,6.9,6.8,6.8,7.3,6.5,5.6,4.1,3.1,2.7,2.3,3.7,39.2,36.7,41.3,85.7
8600000US20905,20905,ZCTA5 20905,18308,8806,9502,6.5,4.9,5.7,6.5,5.4,5.4,7.1,5.7,4.6,5.9,9.2,8.4,8.6,4.9,4.1,3.5,2,1.5,43.3,42.2,43.9,92.7
8600000US20906,20906,ZCTA5 20906,69820,32570,37250,5.9,5.3,5.7,5.4,5.8,6.6,6.9,7.8,6.4,5.6,6.4,6.6,6.6,4.1,3.8,3.4,3.3,4.3,40.6,37.5,43.7,87.4
8600000US20910,20910,ZCTA5 20910,40707,19105,21602,6.4,4,3.4,3.9,6.8,12.8,10.6,10,7.5,5.8,5.5,6.2,6.4,3.6,2.2,1.8,0.9,2.1,35.9,35,36.8,88.4
8600000US20912,20912,ZCTA5 20912,26098,12560,13538,7.1,6.9,5.7,5,6.2,8.6,9.9,7.8,8.3,7.3,6.7,7,5.2,3.7,1.7,1.3,0.8,0.9,35.4,34.8,35.7,92.8
8600000US21012,21012,ZCTA5 21012,20860,10270,10590,5.8,6.4,7.5,7.6,4.6,5.2,5.3,7.2,6,6.9,8.5,7.9,6.3,5.5,3.8,2.4,1.6,1.6,40.5,39.1,41.6,97
8600000US21029,21029,ZCTA5 21029,11802,5817,5985,2.9,6.5,11,11.3,6,1.5,2.3,2.9,9.3,10.8,12,8.9,4.6,4.2,2.2,1.9,1.1,0.8,43,42.9,43.2,97.2
8600000US21032,21032,ZCTA5 21032,9365,4637,4728,6.4,6.4,6.3,6.3,4.4,3.2,5.9,5.7,7.8,7.8,9.9,8.4,8.5,5.9,3.1,1.6,1.5,0.9,43.5,43.1,44,98.1
8600000US21037,21037,ZCTA5 21037,20994,10555,10439,7,4.8,6.9,6.8,5.3,5,5.9,5.3,7.7,8.7,9.6,6.6,7,5.5,2.9,1.8,1.6,1.6,42.1,41.1,43.3,101.1
8600000US21042,21042,ZCTA5 21042,39508,19829,19679,4.3,7.7,8.6,7.3,4.5,3.6,3.2,5.5,7.5,8.5,8.8,8.5,7.6,5.6,3.2,2.1,1.6,1.8,43.7,42.3,44.5,100.8
8600000US21043,21043,ZCTA5 21043,44661,21932,22729,5.3,6.5,8.2,7.9,5.5,6.4,6.7,6.3,8.2,8.9,8.4,6.6,4,3.8,2.9,1.8,1.3,1.4,38.1,36.6,39.3,96.5
8600000US21044,21044,ZCTA5 21044,42123,20472,21651,6.8,5.4,5.5,5.8,6.8,6.9,8.7,7.1,6.1,7.1,7,7.4,5.1,4.6,4.2,2.5,1.4,1.6,38,34.9,41,94.6
8600000US21045,21045,ZCTA5 21045,40433,20704,19729,6.7,7.2,6.7,6,4.6,7,8.8,7.4,7.4,7,6.3,6.1,6.2,4.8,3.1,2,1.6,1.1,37.1,34.3,39.9,104.9
8600000US21046,21046,ZCTA5 21046,16143,7471,8672,8.8,6.4,5.7,4.5,5.8,7.3,9.3,7.6,7,7.4,6.7,7.6,6.8,4.1,2.2,1.1,1.1,0.9,36.3,37.2,35.9,86.2
8600000US21054,21054,ZCTA5 21054,9808,4757,5051,5.5,7.3,7.6,5.2,3.2,4.3,3.7,5.3,7.9,8.8,8,7.3,7.6,4.6,4.3,3.6,2.5,3.5,45.4,44.6,46.2,94.2
8600000US21060,21060,ZCTA5 21060,32130,15480,16650,6.3,5.3,5.7,5.3,5.3,9.2,8.7,7,6.2,8.1,7,6.5,4.5,5.6,3.2,2.6,2,1.4,37.8,36.8,38.3,93
8600000US21061,21061,ZCTA5 21061,54878,26114,28764,7.1,6.1,5.3,5,8.1,10.1,7.7,7.3,6.1,6.1,6.8,6.5,6.5,3.6,2.5,2.3,1.6,1.1,35.4,34.1,36.3,90.8
8600000US21075,21075,ZCTA5 21075,29874,14606,15268,8,7.3,6.8,6.8,6.2,9.2,8.3,7.7,8.4,7.7,7.6,5.6,3.7,1.9,2.5,0.8,0.7,0.8,33,32.9,33.2,95.7
8600000US21076,21076,ZCTA5 21076,15032,7478,7554,6.1,5,5.6,4.4,6.6,9.2,7.5,8.8,9.9,7.6,7.7,7.2,4.8,3.4,2.7,1.3,1.4,0.7,38.2,37.9,38.5,99
8600000US21090,21090,ZCTA5 21090,10288,4940,5348,4.4,6.8,6.3,7.2,5.2,5.4,6.1,5.9,6,7.8,9.3,5.9,6.3,4.9,3.9,2.5,2.8,3.3,42.2,39.9,44.1,92.4
8600000US21104,21104,ZCTA5 21104,4958,2374,2584,1.9,8.1,8.4,8.6,5.7,2.2,3.8,2.7,7.7,10.4,8.4,9.6,4.3,8.5,4.2,2,2.2,1.3,45.3,46.5,43.5,91.9
8600000US21108,21108,ZCTA5 21108,18183,8646,9537,6.3,5.3,7.7,8,5.9,5,6.3,5,6.2,8.7,10.1,6.4,6.3,4.5,4,2.1,1.2,1.1,40.4,39.6,41.1,90.7
8600000US21113,21113,ZCTA5 21113,32025,14922,17103,7.5,7,5.7,6.4,6.4,8.7,10.7,6.8,7.9,7.4,6.9,5.4,4,4.1,2.2,1.6,0.9,0.6,33.8,32.9,35,87.2
8600000US21114,21114,ZCTA5 21114,26209,12884,13325,6.7,8.8,7.3,5.3,5.1,7.9,9.5,5.6,8.2,9.4,6.6,5.1,5.3,3.3,3.1,1.1,0.9,0.8,34.7,33.3,35.9,96.7
8600000US21117,21117,ZCTA5 21117,59435,28257,31178,7.3,6.8,6.4,6,7.7,7.6,8.5,7.9,7.3,7,6.2,6.4,4.6,4.4,2.2,1.7,1.1,0.9,34.8,33.3,35.9,90.6
8600000US21122,21122,ZCTA5 21122,61133,30593,30540,6.4,6.2,6.1,6.3,6.7,6.5,7.1,5.6,6.1,8,8.7,7.6,6.3,4.8,3.4,2.1,1.3,1,39.4,38.4,40.7,100.2
8600000US21128,21128,ZCTA5 21128,14211,6886,7325,7.7,7.3,5.1,7,4.3,5.3,6.2,7.3,6.6,9.6,7.7,6.7,5.4,4.1,3.1,2.8,2.2,1.7,39.9,40.3,39.4,94
8600000US21140,21140,ZCTA5 21140,3222,1680,1542,4.1,6.6,5.2,4.5,3,5.4,3,6.1,9.3,8.5,9.1,9.2,8.5,6.8,4.3,4.6,1.3,0.7,46.2,45.5,47.9,108.9
8600000US21144,21144,ZCTA5 21144,34008,16689,17319,7.3,7.9,7.6,7.3,5.6,7.3,6.6,7.4,6.2,7.4,8.5,6.4,5.2,3.6,2.1,1.8,0.7,1.2,35.4,33.6,36.9,96.4
8600000US21146,21146,ZCTA5 21146,27180,13109,14071,5.8,8.4,8.5,6.8,4.1,2.4,4,5.1,8.7,7.4,8.5,8.2,6.7,5,3.9,2,2.5,2.1,43.1,42.5,44,93.2
8600000US21163,21163,ZCTA5 21163,7032,3465,3567,4.5,6.7,5.6,8.5,7.1,4.1,4.3,6.1,5.4,9.5,9.2,8.4,4.8,6.2,3.7,1.9,2.6,1.3,41.9,42.4,41.2,97.1
8600000US21208,21208,ZCTA5 21208,34307,15526,18781,4.7,5.5,5.3,6.5,4.7,4.1,5.2,5.3,6,6.3,6.2,7.1,8.6,7.2,5.1,4.1,3.8,4.3,46.9,41.8,50.7,82.7
8600000US21227,21227,ZCTA5 21227,34908,17319,17589,8.2,7,5.8,4.6,5.5,11.7,8.5,6.8,5.6,6,6.2,6.6,5.2,3.6,2.9,2.4,1.8,1.6,33.9,33.4,34.5,98.5
8600000US21228,21228,ZCTA5 21228,49577,23890,25687,6,5.2,6,5.2,5.5,8,6.9,5.4,5.9,6.5,8.2,6.5,6.5,4.8,3,2.8,2.8,4.6,41.5,38.5,44.6,93
8600000US21229,21229,ZCTA5 21229,46986,22195,24791,7.4,6.5,6.2,6.7,6.7,8.2,7.3,5.7,6,6.4,6.6,7.4,6.4,3.7,2.8,2.7,1.9,1.6,35.8,33.2,38.7,89.5
8600000US21234,21234,ZCTA5 21234,69764,32052,37712,6.2,6.3,4.9,5.1,6.4,7.7,7.5,5.7,5.9,6.3,7.6,7,6.4,4.4,2.9,3.1,2.4,4.2,40.2,39.2,40.9,85
8600000US21236,21236,ZCTA5 21236,37843,17379,20464,6.8,5.5,5.1,6,5.7,7.8,7.3,6.8,6.6,6.4,8.3,7.4,6.4,5,2.6,2.2,1.7,2.4,39.1,37.6,40.1,84.9
8600000US21401,21401,ZCTA5 21401,37407,18209,19198,5.7,5.1,3.6,5.7,6.3,7.7,6,6.9,6.4,6.4,6.2,6.8,6.8,6.6,4.2,3.3,3.2,3.5,42.4,39.4,46,94.8
8600000US21402,21402,ZCTA5 21402,6103,4578,1525,1.8,0.4,1.3,27.2,56.9,5.7,2.5,1.2,1,0.5,0.7,0.4,0.4,0,0.1,0,0,0,21,21,20.9,300.2
8600000US21403,21403,ZCTA5 21403,30521,14851,15670,6.5,6.1,5.1,4,5.2,7.4,8.7,5.5,7.8,5.5,7.4,7.1,6.6,6.3,4.2,2.2,1.6,2.6,40.8,38.5,42.5,94.8
8600000US21409,21409,ZCTA5 21409,20288,10106,10182,4.5,7,7.8,7.4,6.1,4.9,4.1,5.3,8.4,7.5,8.3,7.5,6.4,5.8,4.1,1.8,1.8,1.3,41.7,41.1,43,99.3
8600000US22003,22003,ZCTA5 22003,60058,29655,30403,7,6,5.8,6.7,6.2,5.4,7,6.6,6.9,7.6,6.7,7.2,7.1,4.8,3,2.4,1.5,1.9,39.4,38.2,40.4,97.5
8600000US22015,22015,ZCTA5 22015,45029,22282,22747,5.8,6.9,7.1,6.6,6.3,7,4.7,7.4,6.5,7.5,7.9,7.8,6.4,4.9,3.3,1.8,1,1,39,38,39.8,98
8600000US22025,22025,ZCTA5 22025,16897,8327,8570,6.4,7.2,6.6,5.8,4.3,5.2,6.5,6.6,7.8,7.5,7.4,7.3,6.9,6.8,3.4,2.1,1.4,0.8,41.1,39.5,42.2,97.2
8600000US22026,22026,ZCTA5 22026,15896,7847,8049,9.1,9.5,7,7.7,7.5,7.9,7.4,8.4,8.4,6.6,7.1,5.3,4.2,2,0.9,0.4,0.5,0,30.7,31.7,30,97.5
8600000US22027,22027,ZCTA5 22027,2081,1020,1061,4.6,4.1,7.9,4.2,6.2,1.1,4.9,4.1,7.9,7.5,9.7,9.3,10.8,4.5,4.6,1.6,2.2,4.9,48.4,46.7,49.3,96.1
8600000US22030,22030,ZCTA5 22030,57649,28338,29311,6.5,5.2,5.2,9.1,10.2,8.1,8.2,6.2,7,6.5,7,6.2,4.6,3.4,2.3,1.5,1.8,1.3,33.6,33.8,33.4,96.7
8600000US22031,22031,ZCTA5 22031,31445,16399,15046,5.2,5.8,4.7,4.6,5.8,12.4,9,7.9,7.2,6.9,6.1,7,5.5,4,2.3,2.3,1.5,1.7,36.5,34.7,39.1,109
8600000US22032,22032,ZCTA5 22032,29956,14627,15329,4.6,5.4,7.2,8.7,7.5,4.5,4.1,5.5,6.6,9.1,8.7,6.5,7.2,5.8,3.3,2.3,2,1.1,42.1,41.2,42.8,95.4
8600000US22033,22033,ZCTA5 22033,39359,19449,19910,7,7.8,5.7,4.9,6.1,9.1,9.7,8.5,8.2,7.3,8,5.5,4.1,3.5,2.5,0.8,0.8,0.5,34.9,34.2,36,97.7
8600000US22039,22039,ZCTA5 22039,18126,8834,9292,2.8,6.9,7.2,9.6,6,2.9,1.9,2.6,5.7,7.4,11,10.7,9.9,7.2,3.6,2.6,0.7,1.2,47.9,49.2,47.4,95.1
8600000US22041,22041,ZCTA5 22041,29110,14472,14638,7.8,6.6,5.9,5.3,6.2,6.9,8.3,7.1,7.7,8.8,5.4,5.4,4.9,4.6,3.2,2.7,1,2.3,37.2,37.5,37,98.9
8600000US22042,22042,ZCTA5 22042,34215,17656,16559,7,5.9,6,4.4,6,9.8,8.2,9,8.1,7.1,7.7,5.7,5.2,3.7,2.4,1.6,0.8,1.3,35.9,35.3,37.6,106.6
8600000US22043,22043,ZCTA5 22043,25923,13513,12410,7.5,6.5,5.7,5.4,5.9,10.6,7.9,8.7,7.2,7.6,6,4.7,5.7,3.8,2.3,2,1.5,1,35.2,32.6,38,108.9
8600000US22044,22044,ZCTA5 22044,14230,6878,7352,6.7,6.6,5.5,3.9,6,9,10.3,9.1,7.3,7,5.7,6.2,4.8,4.2,3.3,1.6,1.2,1.5,36,37,35.2,93.6
8600000US22046,22046,ZCTA5 22046,17062,8434,8628,6.1,8,6.6,5.4,4.2,6.8,7.5,5.9,6.9,7.5,7.9,7,8.1,4.2,2.3,1.9,1.9,1.6,39.3,37.1,41.5,97.8
8600000US22060,22060,ZCTA5 22060,10260,5388,4872,15.2,11,8.1,6.9,6.5,12.1,10.5,6.5,7.9,4.7,2.3,1.9,1.2,0.6,0.3,0.3,0.7,3.5,26,25,26.9,110.6
8600000US22066,22066,ZCTA5 22066,18366,8881,9485,5.2,6.7,7.6,9.9,3.5,2,2.8,4.2,5.4,9,9.8,9.9,7.9,5.5,4.7,2.6,1.8,1.5,46.5,47.5,45.4,93.6
8600000US22079,22079,ZCTA5 22079,34218,17029,17189,7.9,7.2,8.2,7.1,5.3,5.5,6.1,9.4,9,8.8,8.6,5.8,4.8,2.9,1.9,0.8,0.6,0.2,36.2,35.7,36.9,99.1
8600000US22101,22101,ZCTA5 22101,29867,14187,15680,4.6,7.6,8.1,8,3.5,2.8,3.5,4.2,6.7,9.4,8.4,7.7,6.7,6.6,4.1,2.8,2.7,2.9,45.7,45.1,46.3,90.5
8600000US22102,22102,ZCTA5 22102,23806,11608,12198,5.5,5.4,6.5,5.6,3.7,8.1,9,7.1,7.6,6.6,8.5,6.2,5.7,5.5,3.7,2.3,1.5,1.4,39.1,39.2,39,95.2
8600000US22124,22124,ZCTA5 22124,18352,8879,9473,4.1,8.1,8.1,6.4,3.1,5,5.3,6,6.8,7.9,9.3,7.9,6.8,6.1,4,2.8,1,1.2,42.5,41,44.3,93.7
8600000US22134,22134,ZCTA5 22134,8644,5835,2809,13,6,3.2,4.4,39.1,15.6,8,4.7,2.6,1.1,0.8,0.4,0.4,0.4,0.1,0.1,0.1,0,22.7,22.8,22.5,207.7
8600000US22150,22150,ZCTA5 22150,26912,13419,13493,6,5.4,5.8,7.5,6.1,7.4,7.6,7.2,6.9,6.3,6.7,7.1,4.8,3.4,2.7,1.7,3,4.3,37.3,35.6,41.5,99.5
8600000US22151,22151,ZCTA5 22151,17484,8552,8932,7,7,5.5,6.9,5.4,3.8,7,7.1,7,7.3,8.7,7.4,5.8,4.1,3.2,3.1,2.2,1.6,40.2,39.4,40.9,95.7
8600000US22152,22152,ZCTA5 22152,28900,14156,14744,6.7,6.2,6.6,6.8,5,5,7.1,6.8,7.4,7.6,8.6,7.2,6.3,4.9,3.1,2,1.5,1.1,39.7,37.6,41.8,96
8600000US22153,22153,ZCTA5 22153,30809,15590,15219,6.7,6.7,6.9,6.5,5.4,5.8,5.9,7.1,6.2,8.2,8.5,7.6,7.6,4.8,2.8,1.8,0.8,0.7,39.5,38.7,40.2,102.4
8600000US22172,22172,ZCTA5 22172,9338,4308,5030,10.2,8.1,5.2,7.2,7.2,8.5,9.6,7.2,7,6.7,6.2,7.6,4.2,2.2,1,0.8,0.5,0.5,31.7,31.8,31.5,85.6
8600000US22180,22180,ZCTA5 22180,25035,12417,12618,6.7,8.2,7.5,5.8,4.9,5.4,6.1,6.6,8.7,8.7,8.2,6.4,4.3,3.9,2.2,2.7,2,1.9,39.2,39.7,38.6,98.4
8600000US22181,22181,ZCTA5 22181,15702,7837,7865,6.6,7,8.6,6.6,5,4,5.9,6.6,6.9,7,7.7,7.5,6.9,5.1,3.5,2,1.7,1.5,39.9,39.5,40.2,99.6
8600000US22182,22182,ZCTA5 22182,26532,13345,13187,5.5,5.9,8.9,7,4.3,5.7,4.8,6.1,7.9,7.7,7.8,6.4,7,6.4,3.5,2.5,1.7,0.8,41.4,39.8,42.8,101.2
8600000US22191,22191,ZCTA5 22191,66463,33068,33395,8.8,7.7,6.8,6.4,6.8,9.1,8.8,8.1,8.1,7.5,6.3,5,4.2,2.4,1.8,1,0.6,0.6,32.4,31.9,32.8,99
8600000US22192,22192,ZCTA5 22192,56024,26984,29040,7.1,8.4,6.9,5.8,5.4,7.2,8,7.2,7.9,7.8,7.1,6.3,5.9,3.6,2.3,1,1,1,35.8,35.1,36.4,92.9
8600000US22193,22193,ZCTA5 22193,80461,40420,40041,7.2,8.8,7.8,8,6.5,6.6,8.1,7.5,7.1,7.4,7.8,5.9,4.4,3.1,1.7,1.2,0.5,0.6,33.3,32,34.7,100.9
8600000US22201,22201,ZCTA5 22201,35137,18019,17118,5.8,3.1,2.2,0.8,8.2,24.6,16.9,8,6.7,6.4,4,3.7,3.9,2.5,1.5,0.8,0.3,0.7,31.3,32,30.6,105.3
8600000US22202,22202,ZCTA5 22202,22337,11546,10791,3.4,2.1,1.7,0.9,9.4,19.1,15.2,8.1,8.4,6.1,5.6,5.3,4,3.3,3.2,1.7,1.2,1.3,34,34.7,33.6,107
8600000US22203,22203,ZCTA5 22203,23462,12191,11271,4.7,3.8,3,2.7,9.1,21.7,13.2,8,6.6,4.2,3.9,4.5,4,2.6,2.6,1.1,1.4,2.6,31.5,31.5,31.5,108.2
8600000US22204,22204,ZCTA5 22204,53091,26677,26414,6.4,5.6,4.4,3.9,5.2,13.3,13.2,9.4,7.6,7.4,6.2,5.2,4.8,2.8,2,1,0.5,1.1,34.1,33.8,34.5,101
8600000US22205,22205,ZCTA5 22205,19455,9381,10074,7.4,7.3,5.6,5.5,4.4,8.1,7,7.4,8.6,6.4,8.6,6.3,5.9,4.6,1.9,1.7,1.1,2.2,38.5,36.1,40,93.1
8600000US22206,22206,ZCTA5 22206,21142,9102,12040,8.2,3.6,2.6,2.5,5.7,13.1,14.9,10.6,9.9,6.2,6.6,5.2,3.9,3.1,1.6,1.2,0.7,0.3,34.7,36,33.8,75.6
8600000US22207,22207,ZCTA5 22207,33153,16097,17056,7.4,8.3,6.3,6.8,4.4,5.1,4.7,6.5,8.2,7.3,8,7.4,5.7,4.6,3.3,1.9,2.5,1.6,40.3,39.9,40.5,94.4
8600000US22209,22209,ZCTA5 22209,12118,6522,5596,2.3,2,1.5,2.7,8.3,20.3,18.6,11.1,7.6,6.1,4.1,5,3.6,2.7,1.4,1.3,0.9,0.5,32.9,34,32,116.5
8600000US22213,22213,ZCTA5 22213,3551,1823,1728,6.5,6.8,6.6,6.9,2.5,4.9,11.4,6.5,11.7,8.6,3.5,6.2,5.1,3.1,2.4,1.2,4.1,2.1,38.3,35.7,41.2,105.5
8600000US22301,22301,ZCTA5 22301,12102,5418,6684,8.4,7.3,4.6,3.1,2.5,7.3,12.8,10.3,10.2,6.8,6.2,7.8,4.6,2.9,2,1.3,0.7,1.3,36.5,36.7,36.3,81.1
8600000US22302,22302,ZCTA5 22302,18486,8668,9818,6.5,5.2,3.4,3.2,3.9,10.9,12.2,9,9,7.1,7.1,5.6,6.7,4.3,1.9,1.4,1.2,1.3,37.3,37.3,37.3,88.3
8600000US22303,22303,ZCTA5 22303,13746,7099,6647,6.2,3.6,2.2,3,7.6,15.3,12.4,8.3,6.9,6.9,5,6.2,4.6,4,3.7,1.5,1.6,1.1,34.9,33.8,35.8,106.8
8600000US22304,22304,ZCTA5 22304,47488,22593,24895,7.7,4.3,3.2,3.9,6.8,10.7,12.5,8.3,8.6,6.8,6.3,6.3,4.8,4,2.2,1.7,1,0.9,35.6,35,36,90.8
8600000US22305,22305,ZCTA5 22305,16808,8550,8258,8.9,6.3,3.7,3.4,6.3,13.7,14.7,11.2,7.1,5.4,5.8,4.6,3.1,2.5,1,1.4,0.5,0.5,32.5,31.6,33.2,103.5
8600000US22306,22306,ZCTA5 22306,34489,17008,17481,8.1,9.1,6.3,5.3,7.3,6.3,8.4,9,9,6.7,6.3,4.8,4.7,2.8,2.5,1.8,0.8,1,34.6,33.8,35.7,97.3
8600000US22307,22307,ZCTA5 22307,10220,4860,5360,7.7,5.8,5.7,5,2.8,5.3,7.1,6.4,8.5,6.7,7.5,7.2,7.3,5.5,3.8,2.8,1.8,3.1,41.9,40.8,43.7,90.7
8600000US22308,22308,ZCTA5 22308,13491,6692,6799,6.9,10.6,7.4,5.9,2.5,1.8,3.1,6.7,8.2,9.7,7.4,7.2,7,4,3.1,2.9,3.2,2.4,43.4,43,43.9,98.4
8600000US22309,22309,ZCTA5 22309,35105,17133,17972,8.3,7.2,6,6.6,5.9,8.2,7.9,6.6,8.3,7.1,7.4,6.3,4.6,3.5,2.1,1.7,1.2,1.1,34.9,35,34.8,95.3
8600000US22310,22310,ZCTA5 22310,30333,14491,15842,6.3,6.4,5.4,5.7,5.1,7.2,8.1,7.3,7.4,7.3,7.8,8.4,6.3,4.7,2.3,2.1,1.4,0.9,39.1,39,39.2,91.5
8600000US22311,22311,ZCTA5 22311,18183,9257,8926,9.1,6.3,3,3.1,4.3,12.4,11.5,9.9,8.8,6.9,5.8,4,4.3,3.1,1.8,1.5,1.2,2.9,35.1,35.5,34.5,103.7
8600000US22312,22312,ZCTA5 22312,32763,16284,16479,7.5,7.3,4.9,5,6,11.2,10.1,8.3,6.5,6.7,6.9,6.1,5.3,3.3,2.1,1.5,0.7,0.7,34,34.6,33.5,98.8
8600000US22314,22314,ZCTA5 22314,31117,14942,16175,6.1,3,2.5,1.8,3.6,12,12.3,10.4,8,7.7,7.1,7,5.9,5.1,3.2,1.7,1.3,1.4,39,38.7,39.3,92.4
8600000US22315,22315,ZCTA5 22315,28494,14126,14368,7.9,7,6.4,4.8,3.8,7.1,8.9,9.7,8.3,8.5,8,7,5.6,3.1,1.6,1,0.9,0.7,37.2,36.2,38.3,98.3
8600000US23888,23888,ZCTA5 23888,1978,945,1033,4.1,5.3,10.2,6.8,10.3,4.4,2.3,2.9,4.6,11.8,5.6,5.6,7.2,5.8,6.1,2.8,2.6,1.5,43.7,36.8,45.6,91.5
8600000US24281,24281,ZCTA5 24281,2767,1348,1419,4.2,10,4.7,4.4,5,9.1,4.3,7.5,5.4,6.5,9.6,9.4,4,4.3,3,4.4,2.5,1.7,40.9,40.3,43.1,95