pid,distancetodc
0,18.71
1,17.64
2,16.31
3,7.63
4,7.42
5,7.38
6,7.1
7,6.26
8,7.76
9,7.54
10,7.51
11,7.62
12,7.67
13,6.96
14,7.51
15,7.64
16,5.51
17,6.9
18,5.22
19,7.83
20,7.67
21,8.06
22,6.07
23,9.84
24,7.87
25,11.39
26,6.14
27,6.26
28,7.98
29,8.64
30,8.48
31,4.75
32,8.85
33,7.97
34,11.55
35,8.16
36,8.75
37,6.61
38,7.6
39,9.92
40,5.24
41,8.41
42,6.23
43,8.41
44,7.45
45,7.99
46,8.3
47,8.06
48,6.61
49,7.43
50,7.36
51,7.18
52,9.81
53,9.7
54,7.52
55,5.84
56,7.2
57,4.84
58,7.65
59,8.93
60,5.25
61,8.6
62,11.83
63,8.23
64,9.58
65,6.44
66,6.04
67,6.56
68,8.84
69,7.57
70,7.67
71,7.61
72,8.33
73,11.83
74,6.58
75,5.25
76,8.25
77,6.81
78,7.52
79,7.51
80,7.32
81,13.99
82,8.37
83,4.74
84,6.0
85,7.96
86,7.72
87,6.0
88,7.38
89,6.04
90,8.62
91,4.65
92,8.61
93,6.46
94,4.98
95,7.66
96,12.4
97,8.42
98,10.53
99,7.6
100,13.29
101,6.59
102,9.5
103,6.59
104,7.37
105,8.56
106,8.12
107,10.72
108,6.95
109,5.9
110,8.56
111,9.62
112,9.02
113,10.29
114,8.9
115,5.28
116,10.55
117,13.1
118,4.7
119,6.08
120,12.91
121,8.45
122,5.04
123,13.97
124,6.74
125,7.85
126,9.41
127,7.39
128,13.16
129,8.7
130,7.91
131,6.7
132,8.24
133,7.6
134,6.15
135,13.6
136,7.12
137,6.04
138,6.61
139,5.79
140,8.13
141,7.06
142,5.49
143,5.48
144,7.08
145,8.32
146,12.22
147,6.43
148,7.29
149,7.4
150,7.4
151,7.39
152,5.61
153,9.98
154,12.83
155,5.86
156,7.14
157,6.4
158,8.26
159,6.71
160,6.19
161,8.51
162,13.67
163,7.5
164,7.93
165,5.26
166,13.47
167,7.12
168,9.31
169,6.77
170,5.36
171,8.14
172,7.58
173,5.26
174,7.25
175,5.96
176,8.38
177,11.6
178,7.89
179,8.06
180,8.44
181,11.57
182,12.41
183,11.38
184,9.43
185,9.38
186,7.8
187,8.19
188,5.04
189,9.97
190,8.72
191,7.89
192,6.43
193,9.86
194,6.4
195,10.74
196,11.38
197,5.22
198,8.15
199,10.5
200,8.82
201,8.92
202,6.61
203,8.17
204,6.14
205,6.74
206,9.36
207,9.24
208,8.86
209,11.2
210,12.28
211,9.01
212,10.3
213,9.64
214,12.78
215,12.68
216,8.52
217,10.43
218,8.25
219,6.66
220,5.43
221,6.7
222,9.95
223,6.73
224,11.28
225,5.35
226,7.86
227,5.61
228,9.72
229,7.3
230,5.1
231,7.41
232,8.32
233,12.59
234,6.88
235,7.99
236,8.47
237,7.8
238,8.11
239,7.31
240,11.83
241,6.4
242,5.6
243,9.04
244,10.31
245,7.16
246,12.16
247,13.56
248,11.41
249,10.3
250,7.86
251,8.12
252,13.34
253,13.72
254,8.28
255,6.18
256,11.75
257,6.24
258,9.7
259,6.31
260,12.67
261,8.01
262,6.44
263,4.82
264,7.73
265,13.62
266,8.48
267,10.96
268,6.52
269,11.12
270,6.84
271,5.26
272,7.91
273,6.12
274,5.06
275,8.28
276,13.81
277,5.79
278,11.57
279,7.13
280,11.87
281,12.59
282,5.84
283,6.81
284,7.38
285,8.12
286,6.97
287,11.12
288,6.55
289,12.14
290,11.86
291,7.89
292,13.11
293,8.15
294,6.47
295,14.25
296,7.69
297,9.32
298,13.16
299,12.33
300,12.3
301,6.59
302,13.64
303,7.68
304,9.96
305,7.44
306,6.81
307,9.47
308,9.81
309,7.28
310,6.86
311,11.87
312,13.03
313,7.61
314,13.44
315,9.94
316,12.69
317,6.24
318,6.05
319,6.44
320,4.86
321,11.41
322,13.8
323,5.23
324,11.11
325,6.79
326,11.96
327,10.92
328,7.14
329,7.96
330,13.21
331,8.71
332,11.56
333,8.81
334,7.48
335,10.39
336,10.39
337,6.96
338,7.86
339,6.96
340,14.94
341,7.7
342,6.77
343,12.35
344,5.59
345,7.88
346,5.8
347,8.27
348,8.52
349,13.69
350,7.81
351,8.3
352,5.14
353,12.14
354,9.52
355,6.04
356,6.67
357,7.35
358,11.71
359,11.34
360,6.61
361,6.12
362,10.15
363,12.05
364,13.48
365,9.12
366,9.77
367,10.93
368,5.93
369,6.69
370,6.08
371,10.22
372,5.06
373,6.16
374,12.3
375,10.34
376,9.76
377,8.6
378,9.05
379,6.11
380,6.1
381,9.02
382,7.53
383,6.73
384,13.08
385,7.15
386,9.98
387,8.36
388,7.06
389,6.9
390,6.16
391,7.8
392,7.69
393,9.36
394,7.02
395,9.46
396,12.77
397,7.69
398,12.55
399,8.17
400,12.77
401,5.29
402,8.05
403,8.18
404,6.35
405,6.73
406,6.09
407,11.43
408,11.44
409,5.86
410,13.49
411,12.13
412,11.86
413,12.66
414,6.11
415,6.93
416,6.05
417,7.92
418,13.48
419,7.91
420,8.15
421,13.48
422,12.0
423,6.43
424,7.77
425,8.0
426,7.21
427,6.7
428,6.64
429,11.1
430,9.75
431,8.36
432,6.16
433,6.92
434,10.07
435,8.4
436,9.18
437,4.81
438,11.65
439,8.28
440,7.98
441,6.18
442,4.95
443,7.72
444,11.28
445,8.18
446,12.55
447,13.34
448,11.61
449,11.15
450,12.44
451,12.21
452,10.09
453,9.69
454,13.38
455,7.8
456,8.15
457,11.45
458,6.21
459,6.95
460,4.74
461,7.27
462,4.99
463,13.08
464,8.52
465,9.6
466,6.86
467,13.61
468,6.72
469,12.64
470,10.45
471,12.14
472,9.96
473,5.18
474,11.24
475,10.28
476,10.3
477,7.12
478,9.96
479,12.28
480,9.01
481,6.04
482,8.82
483,10.13
484,9.79
485,8.7
486,8.22
487,8.7
488,12.31
489,7.76
490,8.4
491,7.18
492,7.21
493,8.61
494,7.33
495,8.58
496,7.08
497,12.96
498,6.07
499,5.28
500,9.66
501,7.46
502,11.98
503,11.78
504,6.02
505,6.28
506,6.21
507,6.26
508,4.98
509,12.16
510,10.5
511,5.99
512,13.8
513,4.9
514,7.86
515,8.02
516,7.68
517,7.58
518,7.65
519,7.66
520,7.66
521,7.67
522,7.66
523,7.68
524,7.21
525,8.95
526,7.21
527,8.05
528,6.91
529,9.43
530,7.22
531,7.78
532,7.71
533,7.61
534,7.01
535,7.02
536,7.18
537,6.94
538,7.17
539,7.19
540,7.21
541,7.42
542,7.2
543,7.63
544,7.83
545,7.89
546,6.84
547,7.98
548,7.06
549,7.19
550,7.3
551,7.12
552,7.29
553,6.73
554,7.15
555,7.05
556,6.26
557,11.98
558,6.95
559,5.67
560,7.18
561,8.04
562,7.03
563,11.89
564,11.85
565,6.27
566,5.49
567,6.59
568,8.59
569,4.87
570,8.48
571,11.73
572,6.41
573,13.37
574,6.15
575,5.2
576,6.59
577,8.5
578,6.15
579,4.72
580,8.54
581,6.77
582,8.51
583,6.78
584,4.7
585,5.96
586,4.82
587,5.14
588,6.12
589,6.07
590,5.67
591,6.54
592,6.43
593,11.59
594,8.83
595,4.83
596,6.03
597,6.68
598,5.31
599,4.91
600,5.96
601,5.84
602,6.29
603,5.79
604,6.21
605,6.71
606,7.45
607,6.32
608,8.46
609,8.81
610,8.81
611,4.96
612,6.49
613,6.04
614,4.67
615,4.82
616,4.76
617,6.2
618,5.12
619,6.2
620,6.67
621,5.02
622,10.38
623,9.06
624,11.86
625,14.45
626,8.92
627,11.4
628,12.03
629,12.73
630,10.82
631,7.98
632,11.54
633,10.16
634,11.19
635,10.23
636,11.14
637,13.64
638,11.15
639,13.68
640,10.52
641,8.3
642,9.88
643,11.47
644,9.31
645,11.86
646,9.72
647,8.19
648,11.41
649,9.19
650,11.59
651,10.36
652,10.87
653,11.04
654,10.57
655,9.5
656,10.35
657,10.48
658,11.08
659,12.33
660,9.28
661,10.37
662,11.41
663,10.9
664,10.57
665,12.33
666,12.82
667,9.42
668,11.4
669,11.23
670,10.33
671,10.09
672,10.24
673,9.44
674,10.32
675,29.19
676,28.01
677,26.55
678,28.58
679,27.22
680,26.54
681,27.88
682,28.49
683,29.22
684,29.89
685,30.14
686,28.6
687,26.8
688,27.9
689,27.91
690,28.25
691,29.34
692,29.66
693,29.42
694,27.18
695,29.78
696,30.43
697,29.83
698,28.27
699,28.82
700,28.55
701,32.86
702,27.3
703,31.05
704,28.01
705,29.84
706,27.68
707,31.28
708,29.11
709,35.13
710,29.98
711,29.62
712,30.8
713,33.43
714,28.23
715,30.31
716,31.18
717,30.27
718,29.44
719,31.24
720,29.77
721,29.11
722,25.9
723,28.68
724,29.89
725,28.77
726,27.76
727,27.74
728,29.85
729,29.86
730,28.67
731,29.96
732,29.99
733,30.42
734,27.99
735,29.34
736,29.99
737,28.13
738,29.9
739,28.66
740,33.36
741,29.72
742,29.65
743,29.31
744,28.71
745,28.13
746,24.55
747,29.72
748,28.53
749,24.06
750,32.19
751,25.56
752,28.77
753,29.12
754,25.84
755,29.81
756,30.57
757,30.45
758,28.23
759,29.05
760,29.57
761,28.74
762,29.9
763,29.7
764,24.5
765,29.61
766,27.89
767,28.7
768,28.15
769,29.86
770,28.59
771,30.36
772,27.49
773,29.78
774,28.79
775,28.04
776,29.96
777,30.58
778,30.48
779,29.0
780,32.08
781,30.6
782,31.94
783,28.68
784,28.93
785,29.73
786,29.33
787,29.35
788,27.68
789,29.68
790,30.92
791,29.3
792,26.28
793,27.22
794,29.91
795,28.64
796,27.06
797,29.92
798,29.95
799,28.85
800,29.96
801,29.35
802,28.09
803,29.87
804,30.43
805,29.95
806,29.78
807,29.85
808,30.15
809,29.67
810,27.47
811,30.02
812,31.09
813,29.44
814,29.34
815,29.36
816,29.56
817,28.38
818,30.42
819,29.42
820,30.2
821,29.24
822,27.98
823,29.9
824,29.55
825,29.62
826,28.75
827,28.18
828,35.01
829,26.77
830,26.81
831,32.15
832,26.61
833,25.95
834,24.47
835,29.82
836,30.01
837,29.88
838,29.45
839,29.44
840,27.67
841,29.53
842,29.01
843,29.7
844,29.93
845,27.35
846,30.02
847,29.4
848,29.97
849,24.03
850,29.91
851,28.84
852,30.57
853,29.97
854,30.52
855,28.69
856,31.84
857,18.58
858,28.69
859,30.52
860,29.78
861,29.61
862,30.8
863,30.61
864,30.22
865,28.28
866,4.61
867,4.39
868,2.4
869,3.52
870,3.55
871,2.36
872,2.67
873,3.2
874,2.72
875,5.53
876,4.31
877,3.91
878,4.59
879,5.79
880,3.06
881,3.85
882,4.6
883,4.17
884,5.45
885,3.94
886,4.66
887,2.69
888,6.85
889,4.67
890,4.96
891,5.36
892,3.63
893,3.54
894,5.74
895,5.86
896,1.99
897,3.67
898,3.88
899,3.39
900,3.39
901,5.22
902,2.7
903,2.25
904,2.93
905,4.24
906,3.45
907,2.67
908,4.64
909,4.32
910,4.11
911,3.26
912,2.92
913,4.14
914,4.75
915,4.24
916,2.93
917,2.35
918,3.06
919,3.15
920,2.21
921,3.35
922,2.92
923,4.49
924,2.36
925,2.65
926,3.9
927,2.83
928,4.23
929,4.27
930,3.27
931,3.15
932,4.35
933,3.24
934,4.44
935,3.33
936,3.43
937,3.84
938,5.35
939,3.4
940,3.52
941,3.39
942,3.96
943,3.44
944,3.21
945,3.32
946,2.92
947,3.15
948,2.32
949,4.63
950,3.79
951,3.7
952,3.24
953,4.53
954,3.67
955,4.06
956,3.62
957,3.44
958,2.59
959,4.52
960,4.57
961,5.83
962,2.48
963,4.3
964,2.33
965,5.7
966,4.71
967,2.4
968,4.56
969,4.18
970,3.08
971,2.17
972,2.87
973,3.67
974,3.43
975,3.49
976,3.44
977,3.47
978,4.62
979,4.05
980,5.1
981,3.47
982,3.0
983,1.88
984,3.61
985,2.53
986,3.94
987,4.89
988,4.37
989,3.29
990,2.39
991,3.85
992,3.45
993,3.35
994,4.16
995,2.32
996,3.22
997,2.05
998,4.22
999,2.11
1000,1.98
1001,3.53
1002,3.64
1003,3.23
1004,2.46
1005,4.55
1006,2.02
1007,4.46
1008,5.78
1009,4.11
1010,5.3
1011,5.09
1012,4.64
1013,2.79
1014,4.65
1015,3.97
1016,4.04
1017,3.98
1018,4.23
1019,4.81
1020,4.49
1021,2.2
1022,4.56
1023,4.55
1024,2.24
1025,4.05
1026,4.19
1027,2.66
1028,3.0
1029,3.42
1030,2.97
1031,2.01
1032,2.77
1033,4.34
1034,4.72
1035,2.93
1036,3.38
1037,4.27
1038,3.57
1039,4.6
1040,2.6
1041,5.75
1042,3.68
1043,2.34
1044,4.71
1045,4.77
1046,2.74
1047,4.53
1048,3.88
1049,5.7
1050,5.45
1051,5.08
1052,4.64
1053,5.14
1054,5.68
1055,4.4
1056,5.51
1057,2.4
1058,4.2
1059,4.23
1060,3.04
1061,5.12
1062,1.87
1063,4.25
1064,5.87
1065,2.43
1066,4.38
1067,5.27
1068,4.09
1069,5.5
1070,2.63
1071,5.22
1072,4.22
1073,5.34
1074,4.45
1075,5.24
1076,5.11
1077,5.79
1078,3.51
1079,3.92
1080,2.3
1081,4.36
1082,3.47
1083,3.82
1084,5.86
1085,2.41
1086,3.51
1087,2.39
1088,4.45
1089,2.91
1090,3.56
1091,4.72
1092,5.64
1093,5.04
1094,4.5
1095,5.63
1096,3.57
1097,3.17
1098,4.44
1099,5.68
1100,5.42
1101,5.34
1102,3.0
1103,3.72
1104,3.51
1105,4.25
1106,3.22
1107,2.99
1108,2.99
1109,2.26
1110,6.52
1111,4.4
1112,5.99
1113,7.22
1114,2.61
1115,4.88
1116,5.34
1117,5.7
1118,3.91
1119,3.12
1120,3.26
1121,2.24
1122,6.59
1123,4.14
1124,4.61
1125,5.84
1126,4.38
1127,3.54
1128,6.83
1129,2.63
1130,4.66
1131,2.05
1132,4.75
1133,4.28
1134,4.32
1135,2.49
1136,5.04
1137,4.63
1138,3.57
1139,5.5
1140,5.56
1141,2.45
1142,3.61
1143,2.4
1144,5.53
1145,4.59
1146,4.83
1147,2.19
1148,4.56
1149,3.61
1150,4.54
1151,5.91
1152,4.7
1153,3.6
1154,5.81
1155,4.71
1156,3.53
1157,6.1
1158,6.06
1159,3.57
1160,2.21
1161,4.93
1162,5.96
1163,6.66
1164,4.18
1165,4.45
1166,3.77
1167,4.94
1168,2.23
1169,4.72
1170,5.55
1171,3.83
1172,4.44
1173,4.96
1174,3.14
1175,5.81
1176,3.49
1177,4.23
1178,5.08
1179,5.18
1180,4.63
1181,4.73
1182,3.43
1183,5.71
1184,5.8
1185,4.63
1186,4.98
1187,3.72
1188,6.38
1189,2.98
1190,5.85
1191,5.77
1192,4.91
1193,5.8
1194,2.22
1195,4.99
1196,4.51
1197,4.43
1198,6.95
1199,5.48
1200,5.69
1201,5.75
1202,3.48
1203,2.57
1204,3.46
1205,5.7
1206,2.99
1207,3.45
1208,5.79
1209,5.84
1210,4.39
1211,3.51
1212,4.57
1213,5.85
1214,2.47
1215,5.36
1216,3.23
1217,3.35
1218,4.77
1219,3.74
1220,2.43
1221,5.42
1222,5.75
1223,3.29
1224,5.6
1225,5.91
1226,4.43
1227,5.76
1228,6.22
1229,5.61
1230,6.21
1231,2.4
1232,2.41
1233,4.57
1234,2.32
1235,6.06
1236,5.62
1237,4.0
1238,4.42
1239,2.12
1240,2.31
1241,4.05
1242,4.02
1243,4.54
1244,4.44
1245,2.25
1246,3.35
1247,4.87
1248,5.8
1249,2.21
1250,4.42
1251,5.81
1252,5.58
1253,5.49
1254,4.72
1255,5.5
1256,4.16
1257,2.47
1258,2.5
1259,5.53
1260,3.44
1261,2.28
1262,2.33
1263,4.72
1264,4.12
1265,3.67
1266,4.68
1267,3.25
1268,4.61
1269,3.63
1270,2.64
1271,3.95
1272,2.48
1273,3.09
1274,4.2
1275,3.11
1276,6.83
1277,3.77
1278,3.1
1279,3.84
1280,4.95
1281,4.64
1282,5.01
1283,5.65
1284,4.16
1285,4.72
1286,3.97
1287,2.7
1288,3.56
1289,2.37
1290,2.27
1291,4.72
1292,4.78
1293,2.76
1294,2.98
1295,2.29
1296,2.42
1297,6.31
1298,3.44
1299,3.53
1300,4.44
1301,4.64
1302,3.72
1303,4.97
1304,6.2
1305,6.21
1306,3.4
1307,5.92
1308,3.13
1309,3.82
1310,4.24
1311,4.84
1312,2.56
1313,2.67
1314,4.34
1315,3.72
1316,3.71
1317,4.81
1318,4.19
1319,4.57
1320,2.44
1321,3.92
1322,3.79
1323,2.01
1324,2.6
1325,2.12
1326,3.69
1327,3.49
1328,3.66
1329,6.56
1330,2.75
1331,4.01
1332,4.44
1333,3.07
1334,2.35
1335,3.14
1336,3.36
1337,2.66
1338,2.63
1339,4.22
1340,3.59
1341,4.69
1342,2.42
1343,4.28
1344,3.48
1345,4.35
1346,2.58
1347,2.15
1348,3.12
1349,2.91
1350,3.48
1351,2.98
1352,5.53
1353,4.27
1354,5.48
1355,5.56
1356,2.55
1357,4.14
1358,5.63
1359,2.77
1360,3.47
1361,6.92
1362,2.11
1363,3.09
1364,3.59
1365,2.98
1366,5.3
1367,2.51
1368,4.91
1369,4.19
1370,2.52
1371,3.56
1372,3.5
1373,3.42
1374,5.65
1375,4.7
1376,4.67
1377,4.05
1378,2.61
1379,4.35
1380,5.56
1381,3.98
1382,2.4
1383,4.02
1384,3.41
1385,3.66
1386,3.51
1387,4.38
1388,3.48
1389,2.52
1390,5.82
1391,3.85
1392,3.17
1393,4.23
1394,3.06
1395,4.53
1396,5.44
1397,5.58
1398,5.41
1399,4.52
1400,4.58
1401,5.58
1402,4.51
1403,5.73
1404,3.81
1405,4.44
1406,2.24
1407,4.79
1408,6.81
1409,4.06
1410,2.01
1411,4.86
1412,4.6
1413,2.36
1414,4.42
1415,3.43
1416,4.19
1417,3.95
1418,5.58
1419,3.68
1420,4.71
1421,3.5
1422,31.82
1423,31.16
1424,30.5
1425,32.01
1426,30.08
1427,30.8
1428,29.43
1429,30.35
1430,29.97
1431,31.87
1432,31.07
1433,31.91
1434,30.54
1435,32.02
1436,31.88
1437,30.31
1438,31.98
1439,30.76
1440,29.95
1441,31.15
1442,31.87
1443,31.89
1444,25.87
1445,24.77
1446,26.04
1447,25.11
1448,25.41
1449,26.45
1450,26.56
1451,25.89
1452,24.6
1453,26.76
1454,24.76
1455,25.56
1456,23.83
1457,25.26
1458,27.19
1459,25.91
1460,27.0
1461,24.15
1462,25.81
1463,25.19
1464,25.5
1465,25.31
1466,26.92
1467,26.76
1468,27.16
1469,24.58
1470,25.72
1471,25.87
1472,25.73
1473,27.63
1474,24.93
1475,25.09
1476,24.75
1477,27.26
1478,27.43
1479,27.19
1480,27.26
1481,26.88
1482,27.28
1483,26.95
1484,26.88
1485,24.94
1486,25.55
1487,24.1
1488,24.69
1489,27.04
1490,26.27
1491,25.31
1492,25.33
1493,27.46
1494,27.6
1495,26.46
1496,24.84
1497,24.69
1498,26.86
1499,27.02
1500,26.59
1501,27.09
1502,25.1
1503,25.03
1504,27.2
1505,24.56
1506,27.11
1507,26.89
1508,25.01
1509,26.89
1510,27.34
1511,27.45
1512,24.92
1513,27.07
1514,27.19
1515,27.07
1516,25.65
1517,24.88
1518,27.13
1519,24.94
1520,27.1
1521,26.71
1522,24.73
1523,26.18
1524,26.93
1525,27.22
1526,25.42
1527,25.1
1528,26.24
1529,25.37
1530,26.59
1531,25.19
1532,25.4
1533,26.6
1534,24.07
1535,25.45
1536,27.46
1537,25.89
1538,26.98
1539,27.25
1540,26.39
1541,25.78
1542,24.81
1543,25.09
1544,24.61
1545,25.91
1546,27.62
1547,25.43
1548,26.81
1549,27.34
1550,26.71
1551,25.63
1552,25.89
1553,25.57
1554,26.03
1555,24.54
1556,27.26
1557,27.54
1558,27.97
1559,24.97
1560,25.21
1561,24.93
1562,27.13
1563,25.46
1564,24.98
1565,26.91
1566,26.96
1567,24.06
1568,25.75
1569,27.24
1570,24.07
1571,27.68
1572,24.39
1573,31.15
1574,11.37
1575,13.53
1576,10.78
1577,10.62
1578,10.66
1579,11.94
1580,10.36
1581,10.35
1582,11.78
1583,12.41
1584,10.46
1585,10.41
1586,10.86
1587,10.46
1588,10.49
1589,11.36
1590,11.79
1591,11.07
1592,8.43
1593,5.87
1594,5.98
1595,6.3
1596,6.76
1597,6.65
1598,6.48
1599,6.67
1600,6.62
1601,6.61
1602,6.26
1603,5.3
1604,6.3
1605,6.45
1606,9.88
1607,6.02
1608,6.79
1609,5.76
1610,6.67
1611,4.64
1612,6.83
1613,6.14
1614,6.33
1615,5.41
1616,5.27
1617,6.32
1618,5.82
1619,8.23
1620,6.8
1621,5.82
1622,8.92
1623,6.04
1624,8.86
1625,6.09
1626,5.54
1627,6.21
1628,8.8
1629,5.71
1630,5.82
1631,6.1
1632,8.22
1633,5.98
1634,5.18
1635,6.78
1636,8.26
1637,8.09
1638,6.9
1639,7.86
1640,6.75
1641,6.67
1642,8.67
1643,7.65
1644,5.5
1645,6.59
1646,5.4
1647,7.72
1648,6.39
1649,8.85
1650,8.88
1651,10.4
1652,5.73
1653,8.45
1654,5.11
1655,6.72
1656,5.88
1657,5.89
1658,6.37
1659,8.92
1660,9.35
1661,10.17
1662,5.89
1663,5.93
1664,10.33
1665,4.47
1666,8.29
1667,8.9
1668,9.16
1669,9.05
1670,8.93
1671,9.09
1672,7.8
1673,5.63
1674,5.25
1675,10.1
1676,5.36
1677,6.76
1678,7.37
1679,5.24
1680,10.46
1681,6.33
1682,7.69
1683,10.31
1684,6.82
1685,6.23
1686,6.48
1687,9.0
1688,9.4
1689,8.52
1690,8.15
1691,5.41
1692,9.9
1693,8.16
1694,6.2
1695,9.38
1696,9.1
1697,5.33
1698,5.64
1699,8.84
1700,7.84
1701,10.15
1702,9.58
1703,8.88
1704,9.95
1705,6.28
1706,6.81
1707,5.43
1708,5.8
1709,5.79
1710,5.86
1711,9.29
1712,8.99
1713,6.0
1714,8.99
1715,9.83
1716,5.08
1717,7.49
1718,6.75
1719,8.43
1720,8.31
1721,9.29
1722,9.09
1723,10.16
1724,5.83
1725,8.34
1726,6.55
1727,6.89
1728,8.62
1729,8.01
1730,6.33
1731,7.78
1732,9.05
1733,9.05
1734,8.99
1735,10.11
1736,6.69
1737,6.26
1738,8.76
1739,7.04
1740,5.68
1741,8.12
1742,8.49
1743,7.43
1744,9.1
1745,5.65
1746,6.14
1747,4.99
1748,9.03
1749,6.07
1750,8.95
1751,7.68
1752,8.25
1753,9.18
1754,6.85
1755,6.14
1756,8.76
1757,7.92
1758,8.98
1759,5.73
1760,8.95
1761,8.88
1762,5.89
1763,9.4
1764,6.57
1765,5.76
1766,6.17
1767,6.2
1768,5.93
1769,6.75
1770,6.02
1771,10.16
1772,9.22
1773,6.15
1774,9.96
1775,6.15
1776,6.48
1777,6.59
1778,6.23
1779,5.79
1780,6.66
1781,6.26
1782,6.24
1783,6.21
1784,6.13
1785,6.46
1786,6.23
1787,5.73
1788,5.09
1789,6.22
1790,6.26
1791,5.48
1792,6.25
1793,6.11
1794,6.22
1795,10.28
1796,6.14
1797,6.48
1798,5.89
1799,6.16
1800,6.78
1801,6.42
1802,6.51
1803,6.24
1804,6.23
1805,6.13
1806,10.37
1807,5.72
1808,6.95
1809,5.81
1810,6.2
1811,6.89
1812,6.23
1813,6.12
1814,6.91
1815,6.21
1816,6.11
1817,6.16
1818,7.36
1819,7.22
1820,7.07
1821,7.3
1822,6.12
1823,5.97
1824,6.19
1825,7.0
1826,6.17
1827,17.53
1828,16.98
1829,12.33
1830,16.83
1831,16.91
1832,17.88
1833,16.87
1834,10.86
1835,15.59
1836,15.97
1837,16.62
1838,16.6
1839,15.22
1840,16.57
1841,12.65
1842,16.5
1843,14.07
1844,16.14
1845,13.71
1846,14.76
1847,17.04
1848,15.74
1849,16.15
1850,12.56
1851,10.96
1852,12.51
1853,15.3
1854,17.01
1855,10.99
1856,14.42
1857,15.71
1858,16.77
1859,11.52
1860,14.28
1861,17.06
1862,11.8
1863,14.07
1864,13.72
1865,11.89
1866,11.35
1867,14.23
1868,16.12
1869,17.06
1870,17.82
1871,11.9
1872,10.82
1873,14.41
1874,14.44
1875,15.77
1876,16.18
1877,16.29
1878,16.18
1879,16.19
1880,22.68
1881,22.89
1882,22.4
1883,22.23
1884,16.98
1885,24.65
1886,18.62
1887,14.8
1888,23.32
1889,16.88
1890,17.82
1891,18.04
1892,4.89
1893,5.02
1894,4.93
1895,5.17
1896,4.96
1897,4.96
1898,4.91
1899,4.99
1900,4.91
1901,4.93
1902,5.0
1903,4.97
1904,5.34
1905,29.09
1906,30.74
1907,29.51
1908,29.85
1909,29.9
1910,30.91
1911,31.04
1912,31.25
1913,31.9
1914,31.34
1915,30.14
1916,19.44
1917,18.2
1918,19.27
1919,18.96
1920,19.42
1921,21.39
1922,19.7
1923,19.19
1924,19.44
1925,19.38
1926,16.11
1927,16.27
1928,15.32
1929,15.74
1930,16.21
1931,15.03
1932,15.81
1933,14.13
1934,16.44
1935,14.86
1936,16.47
1937,16.17
1938,15.46
1939,14.67
1940,15.99
1941,16.54
1942,14.99
1943,15.15
1944,15.6
1945,15.06
1946,16.56
1947,16.39
1948,16.37
1949,16.89
1950,15.81
1951,16.22
1952,14.25
1953,15.29
1954,14.93
1955,15.09
1956,14.19
1957,16.43
1958,14.47
1959,14.93
1960,14.34
1961,16.1
1962,15.79
1963,16.21
1964,13.11
1965,14.79
1966,14.75
1967,15.0
1968,13.85
1969,14.76
1970,13.76
1971,13.79
1972,13.82
1973,8.41
1974,8.48
1975,10.64
1976,10.52
1977,12.29
1978,12.28
1979,11.23
1980,12.25
1981,8.73
1982,8.68
1983,8.76
1984,9.66
1985,8.52
1986,9.77
1987,10.27
1988,8.66
1989,9.01
1990,8.76
1991,9.73
1992,8.39
1993,10.26
1994,8.39
1995,8.71
1996,7.12
1997,7.15
1998,5.78
1999,8.43
2000,8.08
2001,7.0
2002,6.06
2003,5.87
2004,7.46
2005,7.56
2006,7.22
2007,7.54
2008,7.25
2009,6.77
2010,7.81
2011,6.67
2012,7.5
2013,7.52
2014,6.24
2015,8.35
2016,8.48
2017,6.93
2018,8.18
2019,6.31
2020,7.96
2021,8.03
2022,6.16
2023,5.75
2024,8.03
2025,6.84
2026,10.86
2027,6.01
2028,8.25
2029,6.96
2030,6.9
2031,6.87
2032,6.16
2033,8.32
2034,7.72
2035,7.71
2036,7.74
2037,7.73
2038,6.96
2039,28.67
2040,31.1
2041,30.69
2042,30.14
2043,29.37
2044,29.86
2045,31.32
2046,28.77
2047,28.68
2048,31.39
2049,29.81
2050,30.78
2051,29.86
2052,29.81
2053,31.46
2054,30.68
2055,30.58
2056,28.29
2057,29.5
2058,31.49
2059,30.98
2060,30.29
2061,30.98
2062,30.02
2063,30.93
2064,31.2
2065,31.29
2066,31.22
2067,31.1
2068,30.73
2069,29.51
2070,30.04
2071,31.03
2072,30.96
2073,29.93
2074,30.74
2075,29.85
2076,30.61
2077,30.85
2078,30.92
2079,30.1
2080,31.38
2081,30.69
2082,29.7
2083,22.51
2084,22.36
2085,21.49
2086,21.9
2087,21.9
2088,22.14
2089,23.34
2090,22.13
2091,23.15
2092,22.82
2093,21.24
2094,22.44
2095,22.46
2096,23.17
2097,21.03
2098,22.62
2099,21.57
2100,22.09
2101,23.21
2102,23.28
2103,22.24
2104,20.31
2105,23.05
2106,22.77
2107,20.79
2108,22.19
2109,22.59
2110,20.96
2111,22.7
2112,22.07
2113,23.0
2114,21.25
2115,22.97
2116,24.6
2117,22.32
2118,22.47
2119,22.03
2120,20.85
2121,22.87
2122,22.4
2123,21.1
2124,22.15
2125,23.51
2126,22.83
2127,24.18
2128,22.28
2129,22.18
2130,21.73
2131,20.15
2132,20.16
2133,23.28
2134,22.12
2135,22.29
2136,21.03
2137,21.05
2138,20.54
2139,22.48
2140,22.04
2141,23.28
2142,22.27
2143,20.49
2144,23.27
2145,25.72
2146,26.13
2147,21.01
2148,26.12
2149,24.69
2150,20.15
2151,25.74
2152,25.5
2153,21.01
2154,26.34
2155,25.06
2156,24.59
2157,25.72
2158,25.59
2159,25.07
2160,20.12
2161,19.84
2162,25.53
2163,25.01
2164,20.48
2165,26.62
2166,21.27
2167,20.7
2168,26.56
2169,24.96
2170,25.49
2171,20.62
2172,25.26
2173,25.72
2174,25.74
2175,21.42
2176,21.01
2177,21.21
2178,25.09
2179,24.83
2180,20.85
2181,25.37
2182,24.63
2183,20.89
2184,20.97
2185,22.33
2186,21.2
2187,30.55
2188,31.65
2189,31.17
2190,31.02
2191,30.82
2192,30.81
2193,30.6
2194,30.87
2195,30.91
2196,30.14
2197,30.65
2198,33.9
2199,30.69
2200,29.87
2201,30.82
2202,30.56
2203,30.48
2204,31.65
2205,32.21
2206,30.76
2207,30.7
2208,7.45
2209,6.84
2210,4.75
2211,4.91
2212,4.94
2213,4.73
2214,6.51
2215,6.39
2216,4.78
2217,5.64
2218,4.76
2219,4.81
2220,6.14
2221,6.92
2222,4.89
2223,6.04
2224,4.89
2225,6.1
2226,5.01
2227,4.98
2228,5.79
2229,6.09
2230,6.31
2231,6.55
2232,6.43
2233,6.17
2234,6.5
2235,6.38
2236,4.57
2237,6.14
2238,5.91
2239,4.5
2240,6.19
2241,4.53
2242,4.83
2243,4.38
2244,4.62
2245,6.22
2246,5.16
2247,4.99
2248,4.38
2249,4.36
2250,4.38
2251,5.19
2252,5.56
2253,4.38
2254,6.11
2255,4.52
2256,6.25
2257,4.68
2258,4.74
2259,5.82
2260,4.46
2261,5.97
2262,4.61
2263,5.23
2264,5.22
2265,5.23
2266,5.21
2267,5.21
2268,5.23
2269,5.19
2270,5.2
2271,5.26
2272,5.26
2273,5.26
2274,5.23
2275,5.24
2276,5.28
2277,5.24
2278,5.24
2279,5.21
2280,5.2
2281,5.28
2282,5.26
2283,5.22
2284,5.17
2285,5.22
2286,5.24
2287,5.26
2288,5.18
2289,5.18
2290,5.29
2291,5.23
2292,5.3
2293,6.17
2294,6.07
2295,4.38
2296,4.85
2297,25.14
2298,25.02
2299,26.63
2300,26.02
2301,26.05
2302,25.97
2303,25.39
2304,25.09
2305,25.07
2306,25.32
2307,25.98
2308,21.08
2309,21.41
2310,22.81
2311,21.52
2312,21.35
2313,21.58
2314,20.69
2315,20.98
2316,21.97
2317,19.94
2318,21.13
2319,14.21
2320,13.14
2321,13.45
2322,13.05
2323,12.35
2324,12.07
2325,13.64
2326,12.51
2327,12.55
2328,12.7
2329,12.65
2330,12.04
2331,11.1
2332,9.21
2333,8.86
2334,9.92
2335,9.44
2336,10.01
2337,8.06
2338,9.03
2339,8.5
2340,9.2
2341,9.19
2342,8.45
2343,9.29
2344,9.87
2345,9.29
2346,7.51
2347,9.37
2348,8.21
2349,8.14
2350,7.35
2351,8.15
2352,9.18
2353,8.31
2354,7.64
2355,8.25
2356,7.99
2357,8.42
2358,8.16
2359,9.94
2360,8.49
2361,7.44
2362,7.56
2363,8.33
2364,8.4
2365,7.35
2366,8.84
2367,8.17
2368,7.7
2369,8.06
2370,7.62
2371,7.48
2372,8.1
2373,7.14
2374,8.02
2375,7.17
2376,7.47
2377,8.0
2378,7.61
2379,7.14
2380,7.57
2381,7.36
2382,7.42
2383,7.54
2384,7.11
2385,8.11
2386,7.6
2387,7.64
2388,8.77
2389,8.77
2390,8.17
2391,9.52
2392,9.29
2393,23.02
2394,23.4
2395,22.24
2396,23.21
2397,23.35
2398,23.03
2399,22.5
2400,24.7
2401,23.48
2402,22.37
2403,23.05
2404,22.03
2405,23.84
2406,20.4
2407,24.06
2408,20.19
2409,24.23
2410,23.27
2411,21.43
2412,20.3
2413,23.17
2414,23.66
2415,21.94
2416,25.1
2417,22.28
2418,23.09
2419,22.4
2420,24.09
2421,24.8
2422,20.39
2423,23.47
2424,22.36
2425,20.27
2426,20.46
2427,23.09
2428,23.39
2429,24.09
2430,21.86
2431,23.38
2432,20.5
2433,22.12
2434,23.93
2435,22.0
2436,23.5
2437,24.1
2438,22.07
2439,22.77
2440,23.47
2441,23.4
2442,23.06
2443,23.26
2444,23.7
2445,21.22
2446,21.74
2447,23.65
2448,23.33
2449,20.49
2450,23.52
2451,23.08
2452,21.84
2453,23.26
2454,23.49
2455,23.06
2456,23.06
2457,22.62
2458,21.27
2459,23.6
2460,23.46
2461,23.26
2462,22.01
2463,22.97
2464,22.31
2465,22.02
2466,22.03
2467,23.79
2468,23.11
2469,23.6
2470,22.89
2471,21.54
2472,23.44
2473,20.4
2474,24.23
2475,20.34
2476,22.64
2477,20.94
2478,21.74
2479,24.58
2480,23.31
2481,23.18
2482,23.6
2483,23.51
2484,21.85
2485,24.23
2486,23.67
2487,20.75
2488,22.18
2489,23.2
2490,19.8
2491,25.1
2492,21.77
2493,25.1
2494,21.82
2495,22.49
2496,22.7
2497,21.97
2498,22.2
2499,24.1
2500,21.91
2501,23.58
2502,23.56
2503,22.86
2504,23.81
2505,23.73
2506,25.39
2507,23.26
2508,22.81
2509,24.16
2510,23.15
2511,24.04
2512,23.24
2513,22.07
2514,22.25
2515,21.07
2516,25.5
2517,21.42
2518,23.12
2519,23.74
2520,23.43
2521,25.1
2522,23.29
2523,23.31
2524,23.72
2525,22.51
2526,23.66
2527,22.49
2528,20.97
2529,23.62
2530,22.05
2531,23.18
2532,25.08
2533,22.2
2534,21.69
2535,19.99
2536,20.87
2537,20.11
2538,19.8
2539,20.89
2540,20.77
2541,21.33
2542,19.95
2543,20.74
2544,19.9
2545,21.12
2546,20.94
2547,20.44
2548,21.29
2549,20.22
2550,20.37
2551,21.01
2552,20.71
2553,20.85
2554,20.2
2555,19.31
2556,19.38
2557,20.55
2558,20.82
2559,20.99
2560,20.71
2561,21.11
2562,26.82
2563,26.81
2564,25.41
2565,26.24
2566,26.27
2567,26.76
2568,26.34
2569,26.59
2570,27.06
2571,24.65
2572,23.29
2573,24.55
2574,24.43
2575,25.59
2576,25.37
2577,24.42
2578,25.88
2579,25.47
2580,23.96
2581,25.41
2582,25.58
2583,25.35
2584,24.87
2585,24.81
2586,25.68
2587,23.01
2588,24.33
2589,23.47
2590,23.42
2591,24.92
2592,23.38
2593,24.95
2594,24.62
2595,25.2
2596,24.92
2597,23.04
2598,23.46
2599,24.3
2600,24.06
2601,25.42
2602,23.8
2603,24.28
2604,23.62
2605,24.9
2606,24.95
2607,25.23
2608,25.84
2609,24.27
2610,23.54
2611,24.79
2612,24.0
2613,24.43
2614,23.73
2615,26.81
2616,27.52
2617,27.49
2618,28.06
2619,27.24
2620,27.03
2621,27.51
2622,28.57
2623,27.26
2624,27.24
2625,27.57
2626,27.54
2627,27.54
2628,19.1
2629,18.55
2630,18.68
2631,18.98
2632,18.42
2633,27.6
2634,28.2
2635,28.11
2636,28.42
2637,28.55
2638,16.52
2639,15.3
2640,16.01
2641,16.45
2642,8.83
2643,8.9
2644,7.78
2645,8.12
2646,7.97
2647,8.17
2648,7.1
2649,9.45
2650,9.8
2651,7.95
2652,8.86
2653,8.19
2654,9.41
2655,8.92
2656,9.07
2657,8.52
2658,8.11
2659,8.18
2660,8.38
2661,8.45
2662,8.68
2663,8.69
2664,9.46
2665,8.2
2666,7.38
2667,8.43
2668,8.23
2669,7.06
2670,8.69
2671,8.69
2672,8.69
2673,10.11
2674,26.6
2675,26.68
2676,27.08
2677,26.28
2678,26.81
2679,27.99
2680,27.27
2681,25.67
2682,26.74
2683,27.26
2684,27.69
2685,26.67
2686,26.66
2687,26.72
2688,26.86
2689,26.93
2690,26.63
2691,26.89
2692,27.51
2693,26.32
2694,26.99
2695,27.33
2696,27.05
2697,28.45
2698,26.46
2699,26.34
2700,26.67
2701,27.28
2702,27.01
2703,28.12
2704,28.82
2705,27.27
2706,28.47
2707,28.13
2708,28.42
2709,27.01
2710,24.68
2711,24.58
2712,23.23
2713,22.68
2714,22.63
2715,23.11
2716,11.02
2717,10.63
2718,10.34
2719,9.96
2720,10.57
2721,11.02
2722,10.33
2723,26.76
2724,25.98
2725,25.59
2726,28.92
2727,25.46
2728,25.61
2729,26.13
2730,27.51
2731,25.63
2732,26.82
2733,6.6
2734,24.95
2735,23.34
2736,26.57
2737,25.5
2738,25.11
2739,22.88
2740,23.43
2741,27.66
2742,26.24
2743,26.24
2744,26.3
2745,24.66
2746,23.14
2747,23.47
2748,23.06
2749,25.76
2750,26.39
2751,22.99
2752,24.55
2753,23.07
2754,25.08
2755,25.59
2756,24.49
2757,25.5
2758,25.21
2759,26.23
2760,26.46
2761,26.1
2762,23.47
2763,23.07
2764,23.24
2765,26.06
2766,26.91
2767,25.6
2768,24.96
2769,28.86
2770,29.12
2771,27.44
2772,27.64
2773,27.98
2774,28.12
2775,28.77
2776,28.59
2777,28.6
2778,28.54
2779,28.18
2780,25.92
2781,28.87
2782,25.0
2783,28.63
2784,24.72
2785,27.73
2786,28.04
2787,29.06
2788,24.41
2789,27.21
2790,24.44
2791,28.61
2792,24.85
2793,25.57
2794,24.9
2795,25.03
2796,25.45
2797,25.84
2798,26.18
2799,28.62
2800,24.33
2801,24.23
2802,24.49
2803,28.16
2804,27.32
2805,28.26
2806,24.89
2807,25.01
2808,25.34
2809,25.06
2810,27.7
2811,28.89
2812,25.65
2813,24.89
2814,25.6
2815,24.49
2816,25.57
2817,27.21
2818,24.2
2819,26.13
2820,24.51
2821,27.05
2822,25.01
2823,27.69
2824,28.62
2825,25.57
2826,25.57
2827,27.6
2828,27.63
2829,28.53
2830,29.24
2831,24.94
2832,28.06
2833,28.4
2834,28.23
2835,24.04
2836,28.19
2837,28.01
2838,24.73
2839,28.28
2840,25.06
2841,29.19
2842,28.14
2843,19.0
2844,19.67
2845,16.05
2846,17.79
2847,17.74
2848,17.56
2849,15.93
2850,17.61
2851,19.46
2852,19.92
2853,16.79
2854,16.75
2855,18.19
2856,16.92
2857,17.98
2858,18.57
2859,17.48
2860,15.05
2861,19.82
2862,16.79
2863,14.09
2864,15.89
2865,17.34
2866,19.75
2867,10.79
2868,14.73
2869,17.92
2870,17.38
2871,18.14
2872,10.9
2873,17.35
2874,16.42
2875,12.83
2876,12.55
2877,13.23
2878,10.78
2879,13.18
2880,13.2
2881,18.09
2882,12.66
2883,19.07
2884,18.4
2885,18.69
2886,18.17
2887,17.98
2888,14.82
2889,18.04
2890,10.71
2891,17.42
2892,17.95
2893,15.64
2894,16.0
2895,15.54
2896,14.76
2897,17.94
2898,10.55
2899,18.35
2900,10.61
2901,18.39
2902,13.44
2903,12.77
2904,12.26
2905,15.12
2906,19.35
2907,16.02
2908,13.2
2909,16.84
2910,18.52
2911,13.08
2912,14.69
2913,17.18
2914,16.28
2915,18.65
2916,12.93
2917,15.23
2918,18.92
2919,18.29
2920,19.82
2921,15.57
2922,18.33
2923,19.06
2924,15.76
2925,20.07
2926,19.72
2927,15.84
2928,18.27
2929,18.25
2930,17.17
2931,17.03
2932,12.87
2933,18.37
2934,16.72
2935,15.25
2936,19.79
2937,18.46
2938,18.53
2939,17.07
2940,19.59
2941,18.39
2942,19.88
2943,15.63
2944,18.26
2945,18.36
2946,18.37
2947,19.23
2948,11.86
2949,14.03
2950,12.22
2951,12.67
2952,12.08
2953,19.13
2954,18.21
2955,18.35
2956,11.74
2957,13.86
2958,18.33
2959,17.47
2960,14.94
2961,12.67
2962,16.49
2963,20.0
2964,18.35
2965,14.71
2966,14.55
2967,14.29
2968,19.1
2969,14.77
2970,18.35
2971,18.42
2972,16.48
2973,13.85
2974,13.29
2975,13.39
2976,19.61
2977,13.4
2978,18.49
2979,16.94
2980,17.62
2981,14.36
2982,13.28
2983,18.08
2984,18.46
2985,12.78
2986,15.01
2987,15.24
2988,16.74
2989,15.87
2990,18.08
2991,16.9
2992,16.81
2993,12.64
2994,11.86
2995,15.42
2996,15.24
2997,18.36
2998,13.71
2999,16.8
3000,15.75
3001,17.87
3002,18.7
3003,13.93
3004,19.99
3005,17.85
3006,18.91
3007,12.65
3008,13.52
3009,19.94
3010,12.15
3011,12.67
3012,18.54
3013,13.29
3014,19.23
3015,13.57
3016,15.95
3017,15.71
3018,13.39
3019,18.93
3020,19.17
3021,10.54
3022,18.5
3023,14.3
3024,18.63
3025,17.81
3026,19.13
3027,16.15
3028,15.77
3029,10.44
3030,12.33
3031,15.77
3032,13.45
3033,17.79
3034,17.86
3035,15.54
3036,19.1
3037,15.53
3038,15.3
3039,12.96
3040,19.16
3041,16.48
3042,15.51
3043,13.17
3044,17.43
3045,12.97
3046,7.1
3047,9.11
3048,7.82
3049,9.04
3050,6.74
3051,7.06
3052,6.27
3053,9.0
3054,7.43
3055,6.63
3056,10.54
3057,6.57
3058,7.8
3059,9.3
3060,7.35
3061,6.82
3062,7.04
3063,6.72
3064,9.09
3065,7.89
3066,6.4
3067,9.43
3068,6.14
3069,7.59
3070,8.92
3071,5.98
3072,9.14
3073,7.67
3074,9.78
3075,9.74
3076,7.06
3077,7.55
3078,6.56
3079,6.61
3080,6.33
3081,7.26
3082,6.26
3083,9.51
3084,9.73
3085,7.65
3086,7.58
3087,9.68
3088,7.07
3089,6.07
3090,10.33
3091,7.33
3092,8.46
3093,6.99
3094,7.61
3095,9.79
3096,8.76
3097,8.72
3098,6.05
3099,9.26
3100,9.34
3101,10.28
3102,7.08
3103,9.47
3104,6.36
3105,9.08
3106,9.18
3107,8.55
3108,9.37
3109,8.05
3110,9.87
3111,6.19
3112,10.24
3113,10.33
3114,7.84
3115,9.63
3116,7.79
3117,7.05
3118,8.15
3119,10.2
3120,7.65
3121,9.24
3122,7.14
3123,9.77
3124,8.85
3125,8.28
3126,9.55
3127,6.62
3128,6.93
3129,6.96
3130,6.1
3131,9.2
3132,7.3
3133,8.07
3134,9.43
3135,8.84
3136,6.83
3137,7.25
3138,7.66
3139,9.27
3140,6.14
3141,6.54
3142,9.22
3143,9.73
3144,7.65
3145,8.14
3146,9.87
3147,8.93
3148,7.3
3149,6.18
3150,8.74
3151,9.85
3152,6.79
3153,6.58
3154,8.18
3155,8.85
3156,8.67
3157,8.77
3158,7.88
3159,7.61
3160,10.26
3161,7.6
3162,8.54
3163,9.25
3164,6.84
3165,9.24
3166,7.77
3167,9.19
3168,6.74
3169,7.63
3170,9.19
3171,6.59
3172,9.41
3173,6.66
3174,9.65
3175,6.26
3176,5.97
3177,6.35
3178,7.79
3179,9.48
3180,10.27
3181,9.26
3182,9.31
3183,10.34
3184,8.05
3185,9.41
3186,10.32
3187,7.63
3188,6.41
3189,8.27
3190,7.75
3191,6.57
3192,7.28
3193,7.72
3194,7.72
3195,7.67
3196,7.68
3197,7.71
3198,7.7
3199,7.68
3200,7.72
3201,7.69
3202,7.73
3203,7.7
3204,6.85
3205,6.71
3206,6.05
3207,6.62
3208,8.24
3209,7.61
3210,7.14
3211,7.59
3212,7.62
3213,7.49
3214,7.63
3215,7.67
3216,7.66
3217,7.64
3218,7.66
3219,7.66
3220,7.63
3221,7.65
3222,6.67
3223,8.17
3224,6.67
3225,6.71
3226,6.79
3227,8.54
3228,10.07
3229,7.51
3230,8.39
3231,7.24
3232,8.34
3233,9.41
3234,9.13
3235,9.23
3236,15.21
3237,15.28
3238,15.18
3239,9.94
3240,9.21
3241,11.62
3242,8.25
3243,9.46
3244,7.76
3245,9.24
3246,7.94
3247,13.26
3248,10.61
3249,9.95
3250,9.31
3251,12.98
3252,10.26
3253,13.74
3254,12.54
3255,8.51
3256,13.48
3257,9.86
3258,9.62
3259,11.53
3260,9.59
3261,12.8
3262,13.78
3263,11.58
3264,11.81
3265,7.87
3266,28.31
3267,18.27
3268,18.92
3269,18.0
3270,18.72
3271,18.24
3272,18.81
3273,18.3
3274,20.06
3275,18.7
3276,18.25
3277,16.87
3278,19.24
3279,16.98
3280,18.47
3281,17.61
3282,19.62
3283,18.19
3284,18.22
3285,17.77
3286,19.42
3287,17.81
3288,18.68
3289,20.07
3290,18.95
3291,20.14
3292,18.51
3293,17.61
3294,18.24
3295,16.89
3296,17.94
3297,19.73
3298,18.71
3299,17.45
3300,17.79
3301,18.43
3302,19.58
3303,18.64
3304,16.49
3305,16.95
3306,17.64
3307,18.67
3308,20.83
3309,18.85
3310,18.66
3311,20.29
3312,19.03
3313,18.1
3314,17.52
3315,19.85
3316,19.32
3317,20.97
3318,18.05
3319,18.68
3320,17.66
3321,17.06
3322,20.11
3323,17.97
3324,19.91
3325,18.52
3326,18.75
3327,20.45
3328,17.2
3329,16.68
3330,19.58
3331,20.75
3332,19.01
3333,19.61
3334,19.66
3335,21.33
3336,18.23
3337,20.44
3338,20.01
3339,17.83
3340,19.01
3341,18.77
3342,16.67
3343,18.65
3344,18.22
3345,20.69
3346,18.72
3347,17.79
3348,18.7
3349,19.95
3350,17.96
3351,18.63
3352,17.75
3353,20.23
3354,20.19
3355,18.28
3356,16.69
3357,20.24
3358,19.8
3359,24.15
3360,18.66
3361,18.32
3362,18.22
3363,20.9
3364,20.9
3365,18.29
3366,19.5
3367,18.73
3368,20.43
3369,18.08
3370,18.51
3371,20.82
3372,17.17
3373,20.63
3374,19.58
3375,18.85
3376,19.97
3377,18.56
3378,17.24
3379,19.8
3380,19.92
3381,18.66
3382,18.97
3383,18.91
3384,18.54
3385,18.25
3386,17.19
3387,17.68
3388,18.65
3389,19.26
3390,20.6
3391,17.16
3392,19.96
3393,20.01
3394,20.46
3395,17.9
3396,18.11
3397,20.87
3398,18.62
3399,20.02
3400,20.2
3401,17.92
3402,20.23
3403,20.46
3404,18.41
3405,18.63
3406,18.75
3407,17.0
3408,24.7
3409,17.68
3410,18.88
3411,17.63
3412,19.75
3413,18.39
3414,20.31
3415,20.0
3416,19.06
3417,18.5
3418,18.25
3419,18.9
3420,18.87
3421,18.43
3422,17.94
3423,18.63
3424,17.64
3425,18.36
3426,18.83
3427,18.2
3428,19.0
3429,18.39
3430,18.6
3431,20.46
3432,18.28
3433,17.6
3434,17.72
3435,18.37
3436,16.83
3437,17.74
3438,17.7
3439,21.37
3440,18.34
3441,18.33
3442,18.42
3443,18.43
3444,18.7
3445,18.09
3446,18.37
3447,18.42
3448,18.44
3449,18.44
3450,17.08
3451,18.01
3452,18.66
3453,18.66
3454,18.96
3455,18.46
3456,20.86
3457,22.5
3458,20.74
3459,21.68
3460,22.99
3461,22.03
3462,23.75
3463,23.59
3464,22.51
3465,21.55
3466,22.79
3467,21.3
3468,21.67
3469,22.49
3470,21.86
3471,22.68
3472,22.62
3473,22.25
3474,21.11
3475,23.29
3476,21.08
3477,23.02
3478,23.3
3479,22.55
3480,22.05
3481,21.76
3482,23.74
3483,21.86
3484,22.13
3485,21.35
3486,23.06
3487,21.58
3488,23.67
3489,22.02
3490,22.09
3491,21.94
3492,21.84
3493,21.27
3494,21.25
3495,23.08
3496,21.75
3497,21.32
3498,22.78
3499,23.54
3500,22.81
3501,21.26
3502,24.14
3503,22.77
3504,23.39
3505,23.09
3506,21.62
3507,23.55
3508,21.83
3509,23.58
3510,23.18
3511,22.22
3512,23.48
3513,21.01
3514,23.54
3515,21.3
3516,21.09
3517,21.43
3518,21.2
3519,24.17
3520,21.34
3521,22.63
3522,22.73
3523,21.1
3524,22.73
3525,22.35
3526,21.8
3527,21.08
3528,22.32
3529,21.84
3530,23.8
3531,23.22
3532,22.82
3533,22.4
3534,22.97
3535,21.35
3536,21.16
3537,23.15
3538,23.55
3539,21.98
3540,21.37
3541,21.28
3542,22.83
3543,22.99
3544,21.91
3545,22.83
3546,22.69
3547,22.62
3548,21.62
3549,23.77
3550,22.71
3551,22.06
3552,22.02
3553,23.04
3554,23.58
3555,23.62
3556,24.16
3557,21.45
3558,22.83
3559,22.81
3560,23.28
3561,23.34
3562,23.14
3563,21.99
3564,31.13
3565,26.12
3566,30.0
3567,26.37
3568,29.74
3569,27.68
3570,27.02
3571,26.33
3572,27.02
3573,29.8
3574,27.03
3575,27.51
3576,30.37
3577,27.54
3578,27.15
3579,29.74
3580,27.94
3581,27.18
3582,27.71
3583,27.2
3584,27.1
3585,27.14
3586,26.51
3587,29.16
3588,27.69
3589,26.85
3590,28.44
3591,28.84
3592,28.64
3593,31.42
3594,26.25
3595,29.86
3596,28.48
3597,30.11
3598,30.73
3599,29.31
3600,31.7
3601,26.73
3602,30.54
3603,26.71
3604,30.49
3605,25.96
3606,30.75
3607,31.63
3608,26.18
3609,30.58
3610,29.09
3611,27.94
3612,27.94
3613,27.06
3614,27.3
3615,28.87
3616,30.71
3617,31.48
3618,28.67
3619,29.53
3620,29.76
3621,30.52
3622,30.45
3623,27.75
3624,29.48
3625,25.96
3626,26.2
3627,29.64
3628,31.37
3629,28.27
3630,29.79
3631,30.66
3632,26.42
3633,30.63
3634,26.47
3635,30.09
3636,27.9
3637,29.74
3638,29.39
3639,26.38
3640,28.65
3641,30.62
3642,30.1
3643,27.25
3644,28.51
3645,26.99
3646,28.92
3647,30.12
3648,26.47
3649,26.65
3650,29.66
3651,26.4
3652,29.57
3653,29.11
3654,29.16
3655,28.95
3656,28.42
3657,29.08
3658,10.25
3659,9.35
3660,9.67
3661,12.41
3662,12.39
3663,12.64
3664,12.78
3665,12.44
3666,12.25
3667,13.71
3668,18.05
3669,17.58
3670,17.77
3671,14.54
3672,13.82
3673,14.22
3674,12.77
3675,16.87
3676,16.81
3677,16.69
3678,15.54
3679,9.96
3680,10.22
3681,11.03
3682,9.07
3683,11.12
3684,10.36
3685,10.14
3686,11.33
3687,10.49
3688,10.91
3689,11.26
3690,10.23
3691,10.69
3692,10.12
3693,11.21
3694,10.57
3695,11.04
3696,10.22
3697,10.84
3698,10.15
3699,11.36
3700,10.48
3701,10.6
3702,10.67
3703,10.92
3704,10.79
3705,10.78
3706,9.05
3707,11.12
3708,10.92
3709,9.72
3710,10.12
3711,30.97
3712,31.1
3713,30.75
3714,31.23
3715,30.74
3716,30.78
3717,30.89
3718,30.82
3719,30.89
3720,30.54
3721,30.74
3722,31.02
3723,30.73
3724,31.18
3725,31.79
3726,30.48
3727,30.66
3728,30.82
3729,30.3
3730,31.5
3731,44.5
3732,45.11
3733,45.07
3734,44.09
3735,46.51
3736,44.67
3737,46.51
3738,44.34
3739,44.63
3740,44.37
3741,46.94
3742,46.97
3743,44.51
3744,46.95
3745,45.5
3746,46.93
3747,44.34
3748,44.72
3749,44.39
3750,45.74
3751,47.85
3752,45.73
3753,45.79
3754,46.83
3755,44.2
3756,45.22
3757,45.79
3758,46.8
3759,46.94
3760,47.47
3761,44.38
3762,46.47
3763,45.71
3764,45.94
3765,46.76
3766,45.92
3767,20.75
3768,20.7
3769,20.7
3770,21.2
3771,19.66
3772,19.29
3773,19.6
3774,20.13
3775,19.88
3776,20.33
3777,20.63
3778,21.05
3779,19.84
3780,18.22
3781,20.69
3782,20.9
3783,20.35
3784,19.41
3785,20.8
3786,19.5
3787,20.13
3788,20.3
3789,20.93
3790,20.75
3791,19.51
3792,19.39
3793,21.2
3794,18.92
3795,19.59
3796,19.88
3797,19.32
3798,19.44
3799,20.17
3800,18.24
3801,20.67
3802,19.38
3803,20.24
3804,19.82
3805,18.17
3806,19.58
3807,19.82
3808,20.23
3809,20.38
3810,18.52
3811,20.92
3812,19.48
3813,20.19
3814,19.52
3815,20.06
3816,20.27
3817,18.71
3818,18.13
3819,20.65
3820,20.53
3821,20.08
3822,19.29
3823,17.42
3824,19.27
3825,19.03
3826,20.69
3827,19.39
3828,19.39
3829,20.54
3830,19.86
3831,20.47
3832,18.76
3833,20.54
3834,20.19
3835,19.02
3836,20.12
3837,19.47
3838,19.73
3839,20.23
3840,20.06
3841,18.81
3842,17.94
3843,20.44
3844,20.53
3845,19.73
3846,18.83
3847,19.21
3848,19.51
3849,18.73
3850,20.52
3851,19.78
3852,20.53
3853,20.25
3854,20.55
3855,20.53
3856,19.27
3857,20.46
3858,19.51
3859,18.06
3860,20.61
3861,18.91
3862,19.39
3863,19.2
3864,19.73
3865,19.33
3866,20.72
3867,20.62
3868,20.28
3869,18.37
3870,19.91
3871,20.53
3872,19.46
3873,18.81
3874,19.44
3875,20.64
3876,20.01
3877,19.6
3878,19.38
3879,20.33
3880,20.51
3881,19.4
3882,20.25
3883,19.81
3884,19.42
3885,20.17
3886,20.14
3887,20.96
3888,19.52
3889,19.53
3890,19.38
3891,20.97
3892,18.06
3893,19.31
3894,20.05
3895,6.1
3896,6.33
3897,6.8
3898,5.59
3899,5.6
3900,5.83
3901,7.07
3902,6.2
3903,6.68
3904,5.58
3905,6.29
3906,6.86
3907,6.94
3908,6.95
3909,6.57
3910,31.0
3911,29.4
3912,30.43
3913,27.68
3914,28.63
3915,28.74
3916,31.48
3917,31.59
3918,30.95
3919,9.33
3920,9.22
3921,5.71
3922,6.08
3923,5.2
3924,6.38
3925,5.76
3926,5.95
3927,8.29
3928,6.25
3929,6.21
3930,5.22
3931,5.19
3932,5.47
3933,6.32
3934,6.14
3935,5.48
3936,8.73
3937,8.72
3938,9.2
3939,5.67
3940,7.33
3941,8.09
3942,6.73
3943,8.25
3944,7.29
3945,8.69
3946,5.67
3947,8.3
3948,6.55
3949,6.74
3950,6.22
3951,6.22
3952,6.42
3953,5.57
3954,6.07
3955,6.38
3956,8.4
3957,5.44
3958,6.86
3959,6.91
3960,6.74
3961,6.65
3962,6.54
3963,6.22
3964,6.36
3965,7.21
3966,6.37
3967,6.29
3968,6.91
3969,6.11
3970,5.77
3971,6.2
3972,6.14
3973,6.2
3974,9.55
3975,6.13
3976,5.36
3977,6.14
3978,6.28
3979,8.11
3980,5.9
3981,6.02
3982,6.18
3983,5.94
3984,6.03
3985,6.27
3986,5.99
3987,5.98
3988,6.19
3989,6.33
3990,6.0
3991,6.29
3992,22.37
3993,22.26
3994,25.22
3995,22.32
3996,22.54
3997,22.3
3998,22.37
3999,22.22
4000,22.08
4001,22.52
4002,22.5
4003,22.14
4004,22.52
4005,22.41
4006,21.93
4007,22.02
4008,20.31
4009,20.3
4010,20.87
4011,20.28
4012,21.9
4013,20.5
4014,20.62
4015,8.31
4016,9.65
4017,8.85
4018,9.33
4019,9.55
4020,8.91
4021,9.65
4022,8.8
4023,9.68
4024,9.06
4025,8.29
4026,8.94
4027,9.55
4028,9.07
4029,8.44
4030,7.33
4031,9.38
4032,9.04
4033,9.05
4034,9.44
4035,9.1
4036,8.5
4037,8.95
4038,8.27
4039,8.52
4040,8.51
4041,8.48
4042,8.91
4043,12.47
4044,12.31
4045,12.46
4046,13.34
4047,14.93
4048,26.83
4049,25.37
4050,25.75
4051,26.43
4052,27.1
4053,27.59
4054,25.19
4055,28.92
4056,26.81
4057,24.9
4058,25.91
4059,25.59
4060,28.57
4061,26.61
4062,28.07
4063,27.11
4064,25.97
4065,26.56
4066,25.87
4067,27.09
4068,26.88
4069,25.87
4070,26.44
4071,25.92
4072,25.52
4073,25.61
4074,25.6
4075,25.59
4076,25.62
4077,25.6
4078,26.61
4079,25.69
4080,26.0
4081,26.46
4082,26.53
4083,26.86
4084,20.3
4085,22.11
4086,21.79
4087,21.55
4088,22.97
4089,20.56
4090,22.19
4091,22.53
4092,22.4
4093,22.71
4094,21.61
4095,20.83
4096,20.94
4097,20.38
4098,21.18
4099,21.73
4100,22.27
4101,19.67
4102,22.53
4103,20.96
4104,20.27
4105,22.66
4106,21.88
4107,20.78
4108,21.66
4109,21.83
4110,20.99
4111,20.22
4112,20.81
4113,22.45
4114,21.65
4115,20.44
4116,22.2
4117,22.07
4118,20.94
4119,21.16
4120,20.04
4121,22.19
4122,20.8
4123,20.44
4124,22.04
4125,21.17
4126,20.13
4127,20.62
4128,20.52
4129,21.09
4130,20.33
4131,20.01
4132,20.52
4133,22.48
4134,20.7
4135,22.65
4136,7.69
4137,7.66
4138,7.25
4139,9.16
4140,8.17
4141,9.8
4142,8.89
4143,7.91
4144,9.82
4145,8.27
4146,9.26
4147,8.68
4148,8.73
4149,8.34
4150,8.92
4151,8.17
4152,8.85
4153,8.29
4154,8.63
4155,7.94
4156,8.64
4157,8.68
4158,8.24
4159,8.98
4160,7.88
4161,7.02
4162,7.08
4163,5.74
4164,6.45
4165,6.54
4166,6.5
4167,6.4
4168,6.44
4169,11.89
4170,9.66
4171,9.12
4172,9.39
4173,9.73
4174,8.7
4175,11.42
4176,8.97
4177,10.63
4178,10.53
4179,9.16
4180,11.05
4181,9.54
4182,10.27
4183,12.11
4184,9.58
4185,8.55
4186,9.07
4187,10.5
4188,10.45
4189,10.44
4190,10.79
4191,11.29
4192,10.93
4193,10.68
4194,11.01
4195,11.03
4196,10.98
4197,10.87
4198,10.54
4199,10.76
4200,10.7
4201,17.94
4202,16.42
4203,14.84
4204,17.68
4205,15.99
4206,14.69
4207,14.49
4208,15.53
4209,15.44
4210,16.26
4211,18.95
4212,14.44
4213,15.56
4214,17.73
4215,15.06
4216,14.61
4217,17.51
4218,14.59
4219,15.25
4220,15.03
4221,15.34
4222,16.46
4223,18.96
4224,14.8
4225,18.43
4226,19.14
4227,16.26
4228,15.24
4229,18.71
4230,18.55
4231,15.95
4232,15.6
4233,16.06
4234,16.51
4235,16.54
4236,16.39
4237,17.06
4238,17.12
4239,16.7
4240,16.63
4241,16.42
4242,17.08
4243,17.06
4244,16.22
4245,18.62
4246,16.07
4247,18.25
4248,17.19
4249,17.6
4250,15.72
4251,18.86
4252,16.33
4253,16.47
4254,18.85
4255,14.7
4256,14.38
4257,16.75
4258,18.57
4259,15.46
4260,16.06
4261,14.78
4262,17.55
4263,18.01
4264,19.21
4265,15.98
4266,19.02
4267,18.74
4268,18.78
4269,19.27
4270,16.51
4271,18.68
4272,17.89
4273,18.78
4274,18.14
4275,18.17
4276,18.81
4277,17.27
4278,14.41
4279,17.0
4280,14.76
4281,18.79
4282,18.74
4283,19.02
4284,18.9
4285,17.78
4286,18.0
4287,18.73
4288,16.49
4289,18.79
4290,18.81
4291,15.48
4292,15.47
4293,18.84
4294,18.78
4295,18.57
4296,18.0
4297,15.85
4298,15.26
4299,19.05
4300,18.58
4301,15.96
4302,17.91
4303,17.98
4304,17.83
4305,18.6
4306,16.66
4307,18.74
4308,15.55
4309,15.44
4310,14.04
4311,18.49
4312,16.32
4313,15.36
4314,18.05
4315,15.31
4316,14.38
4317,18.23
4318,18.64
4319,17.75
4320,18.0
4321,18.77
4322,18.17
4323,18.77
4324,18.34
4325,17.81
4326,15.73
4327,18.53
4328,15.73
4329,18.83
4330,18.2
4331,15.26
4332,17.98
4333,14.82
4334,19.16
4335,18.4
4336,15.97
4337,16.32
4338,16.54
4339,16.54
4340,16.91
4341,16.53
4342,18.17
4343,15.17
4344,17.14
4345,16.92
4346,16.93
4347,16.97
4348,18.3
4349,17.01
4350,16.4
4351,16.96
4352,17.02
4353,17.0
4354,17.02
4355,17.14
4356,16.7
4357,16.57
4358,16.73
4359,16.44
4360,16.12
4361,19.32
4362,28.21
4363,29.75
4364,28.04
4365,29.85
4366,29.18
4367,29.45
4368,16.51
4369,17.0
4370,16.58
4371,17.03
4372,16.5
4373,17.57
4374,17.12
4375,17.01
4376,17.23
4377,17.26
4378,17.44
4379,18.78
4380,14.63
4381,16.13
4382,16.43
4383,18.44
4384,16.29
4385,16.71
4386,17.17
4387,16.17
4388,16.08
4389,16.53
4390,17.32
4391,16.9
4392,17.78
4393,18.66
4394,17.12
4395,17.12
4396,17.71
4397,17.38
4398,17.82
4399,17.57
4400,17.22
4401,16.04
4402,16.8
4403,17.85
4404,17.37
4405,17.27
4406,17.23
4407,16.8
4408,17.23
4409,15.91
4410,17.44
4411,17.41
4412,17.21
4413,16.4
4414,15.98
4415,16.64
4416,17.36
4417,17.34
4418,17.27
4419,17.27
4420,18.25
4421,23.8
4422,23.99
4423,23.94
4424,23.47
4425,23.58
4426,23.56
4427,23.6
4428,24.49
4429,24.06
4430,24.01
4431,24.28
4432,23.69
4433,24.18
4434,27.49
4435,27.65
4436,26.68
4437,28.05
4438,28.97
4439,27.38
4440,26.06
4441,24.84
4442,26.56
4443,27.65
4444,26.42
4445,25.74
4446,27.78
4447,27.8
4448,27.19
4449,27.04
4450,26.26
4451,25.84
4452,27.26
4453,24.17
4454,27.15
4455,25.85
4456,26.61
4457,26.34
4458,27.94
4459,25.4
4460,25.04
4461,25.51
4462,25.61
4463,27.03
4464,23.88
4465,25.49
4466,27.65
4467,24.9
4468,27.78
4469,26.48
4470,25.2
4471,25.6
4472,26.4
4473,27.6
4474,26.36
4475,27.53
4476,24.94
4477,26.49
4478,26.42
4479,23.29
4480,24.95
4481,27.32
4482,25.86
4483,27.5
4484,25.42
4485,25.21
4486,23.99
4487,27.95
4488,24.87
4489,27.17
4490,26.44
4491,26.36
4492,27.78
4493,25.94
4494,26.45
4495,26.47
4496,27.28
4497,27.55
4498,25.57
4499,27.52
4500,26.65
4501,23.17
4502,26.56
4503,26.16
4504,25.88
4505,25.34
4506,25.83
4507,27.7
4508,25.95
4509,23.85
4510,23.83
4511,28.23
4512,26.49
4513,25.68
4514,25.51
4515,26.06
4516,25.59
4517,26.09
4518,25.39
4519,25.2
4520,25.37
4521,25.64
4522,26.39
4523,7.3
4524,7.34
4525,6.93
4526,7.2
4527,7.1
4528,7.64
4529,9.92
4530,10.9
4531,9.86
4532,9.84
4533,10.47
4534,10.45
4535,9.14
4536,7.9
4537,10.38
4538,10.57
4539,8.9
4540,9.59
4541,9.39
4542,8.05
4543,10.43
4544,8.85
4545,9.58
4546,10.45
4547,10.49
4548,10.43
4549,7.92
4550,8.27
4551,8.54
4552,9.42
4553,8.01
4554,8.03
4555,7.32
4556,7.99
4557,6.15
4558,10.6
4559,7.89
4560,9.67
4561,9.46
4562,10.69
4563,7.67
4564,8.56
4565,7.59
4566,7.41
4567,7.89
4568,10.41
4569,10.59
4570,9.43
4571,8.84
4572,7.92
4573,10.7
4574,9.39
4575,7.19
4576,8.02
4577,6.15
4578,10.26
4579,7.37
4580,8.87
4581,7.08
4582,10.51
4583,7.15
4584,8.51
4585,9.61
4586,10.48
4587,9.63
4588,7.7
4589,9.52
4590,8.9
4591,6.28
4592,8.31
4593,10.61
4594,10.13
4595,9.59
4596,7.75
4597,8.99
4598,7.37
4599,10.03
4600,8.91
4601,6.62
4602,8.27
4603,9.83
4604,10.54
4605,8.92
4606,9.2
4607,9.52
4608,9.82
4609,7.63
4610,7.99
4611,7.06
4612,7.38
4613,8.04
4614,8.69
4615,10.07
4616,5.42
4617,8.87
4618,10.55
4619,6.26
4620,8.07
4621,8.0
4622,9.77
4623,8.46
4624,6.1
4625,9.41
4626,5.18
4627,7.29
4628,8.4
4629,12.04
4630,8.07
4631,8.12
4632,8.86
4633,9.38
4634,6.48
4635,5.48
4636,8.27
4637,8.6
4638,8.16
4639,10.46
4640,8.84
4641,8.73
4642,7.97
4643,8.43
4644,7.35
4645,9.59
4646,8.85
4647,5.36
4648,9.5
4649,8.68
4650,6.84
4651,8.5
4652,8.41
4653,8.42
4654,8.9
4655,10.6
4656,9.51
4657,9.54
4658,8.85
4659,7.6
4660,9.35
4661,6.25
4662,10.86
4663,7.76
4664,8.0
4665,9.51
4666,9.51
4667,9.47
4668,10.25
4669,9.48
4670,7.77
4671,7.78
4672,10.5
4673,10.51
4674,10.33
4675,10.35
4676,10.33
4677,10.41
4678,10.5
4679,10.24
4680,10.4
4681,10.27
4682,10.39
4683,10.29
4684,10.32
4685,10.43
4686,10.26
4687,10.87
4688,10.49
4689,28.74
4690,29.09
4691,28.43
4692,30.04
4693,30.03
4694,25.85
4695,26.63
4696,32.92
4697,30.97
4698,30.23
4699,32.7
4700,31.51
4701,33.32
4702,31.37
4703,33.37
4704,31.65
4705,31.99
4706,31.63
4707,30.81
4708,32.79
4709,30.87
4710,31.64
4711,33.56
4712,30.02
4713,32.55
4714,32.85
4715,17.81
4716,25.72
4717,25.2
4718,25.27
4719,25.22
4720,25.98
4721,25.26
4722,25.31
4723,19.18
4724,19.88
4725,20.67
4726,20.91
4727,21.06
4728,21.59
4729,19.59
4730,19.64
4731,20.82
4732,20.44
4733,20.38
4734,21.36
4735,20.23
4736,20.47
4737,19.6
4738,19.17
4739,20.04
4740,19.98
4741,20.26
4742,18.97
4743,19.81
4744,18.99
4745,20.91
4746,20.91
4747,4.26
4748,4.92
4749,4.74
4750,4.81
4751,4.52
4752,4.57
4753,4.52
4754,4.57
4755,4.35
4756,4.73
4757,4.7
4758,4.64
4759,4.53
4760,4.67
4761,4.76
4762,4.67
4763,4.36
4764,4.72
4765,4.5
4766,4.52
4767,14.86
4768,15.41
4769,15.31
4770,14.4
4771,15.44
4772,14.46
4773,14.99
4774,15.55
4775,14.44
4776,15.49
4777,15.31
4778,14.69
4779,14.26
4780,15.02
4781,14.21
4782,14.94
4783,30.17
4784,30.4
4785,29.79
4786,30.22
4787,29.92
4788,30.16
4789,29.92
4790,29.96
4791,30.51
4792,29.97
4793,30.4
4794,30.18
4795,30.52
4796,30.45
4797,16.62
4798,15.58
4799,15.7
4800,16.38
4801,16.33
4802,16.65
4803,18.03
4804,17.96
4805,18.75
4806,16.37
4807,16.16
4808,17.79
4809,17.96
4810,18.51
4811,17.99
4812,16.59
4813,17.85
4814,18.28
4815,15.75
4816,16.26
4817,12.9
4818,12.72
4819,13.08
4820,14.34
4821,12.72
4822,14.07
4823,13.15
4824,13.19
4825,14.27
4826,12.72
4827,12.76
4828,13.12
4829,13.06
4830,14.22
4831,13.45
4832,14.58
4833,13.05
4834,14.2
4835,16.39
4836,14.27
4837,12.66
4838,14.31
4839,13.93
4840,14.14
4841,13.54
4842,13.16
4843,14.26
4844,13.52
4845,12.13
4846,12.97
4847,13.0
4848,12.65
4849,14.67
4850,14.54
4851,14.35
4852,14.41
4853,16.72
4854,14.57
4855,13.69
4856,14.37
4857,14.24
4858,22.4
4859,21.65
4860,20.31
4861,19.92
4862,21.57
4863,22.45
4864,21.68
4865,22.39
4866,21.74
4867,20.51
4868,21.73
4869,20.4
4870,21.76
4871,20.87
4872,21.87
4873,22.26
4874,20.2
4875,20.23
4876,20.54
4877,20.28
4878,22.5
4879,21.79
4880,22.32
4881,19.81
4882,22.59
4883,20.67
4884,21.87
4885,20.77
4886,21.87
4887,22.34
4888,22.27
4889,22.04
4890,22.39
4891,21.62
4892,21.79
4893,21.97
4894,22.14
4895,19.91
4896,22.2
4897,19.96
4898,20.61
4899,20.19
4900,20.11
4901,21.45
4902,20.17
4903,19.87
4904,20.71
4905,20.09
4906,20.2
4907,20.06
4908,20.83
4909,20.21
4910,22.18
4911,21.92
4912,22.1
4913,22.04
4914,20.24
4915,20.5
4916,22.46
4917,21.36
4918,21.88
4919,21.72
4920,20.8
4921,22.03
4922,21.88
4923,22.16
4924,22.2
4925,22.04
4926,20.68
4927,20.19
4928,20.26
4929,21.94
4930,22.54
4931,20.9
4932,21.91
4933,21.54
4934,20.04
4935,22.01
4936,16.03
4937,17.17
4938,16.01
4939,16.62
4940,14.99
4941,15.84
4942,18.76
4943,15.86
4944,16.86
4945,18.84
4946,17.74
4947,17.21
4948,16.96
4949,17.76
4950,37.84
4951,37.08
4952,36.42
4953,36.51
4954,36.08
4955,36.38
4956,36.14
4957,37.14
4958,38.68
4959,38.99
4960,37.49
4961,37.19
4962,36.59
4963,39.04
4964,37.11
4965,37.6
4966,37.08
4967,38.25
4968,37.75
4969,38.25
4970,37.25
4971,36.48
4972,38.77
4973,36.34
4974,36.15
4975,35.77
4976,35.79
4977,41.13
4978,39.74
4979,36.52
4980,37.12
4981,37.74
4982,37.38
4983,36.69
4984,36.13
4985,37.35
4986,35.72
4987,39.0
4988,39.1
4989,37.24
4990,35.87
4991,35.88
4992,35.73
4993,36.88
4994,36.46
4995,36.84
4996,36.7
4997,37.13
4998,36.89
4999,38.48
5000,37.24
5001,37.67
5002,38.08
5003,37.0
5004,37.25
5005,36.9
5006,35.53
5007,39.25
5008,36.53
5009,37.24
5010,35.95
5011,35.97
5012,35.86
5013,37.25
5014,38.09
5015,37.42
5016,38.36
5017,40.09
5018,38.33
5019,36.02
5020,36.47
5021,38.37
5022,8.59
5023,6.58
5024,7.55
5025,7.46
5026,6.52
5027,7.85
5028,6.74
5029,6.2
5030,8.37
5031,6.43
5032,6.46
5033,8.6
5034,8.47
5035,8.61
5036,8.54
5037,7.47
5038,8.47
5039,8.58
5040,8.63
5041,6.74
5042,8.78
5043,8.47
5044,8.83
5045,6.64
5046,7.81
5047,6.06
5048,8.53
5049,6.14
5050,8.52
5051,33.96
5052,21.86
5053,25.91
5054,25.66
5055,26.16
5056,26.16
5057,12.37
5058,11.53
5059,11.73
5060,11.05
5061,12.58
5062,12.44
5063,14.91
5064,12.57
5065,11.17
5066,11.51
5067,11.2
5068,12.48
5069,12.74
5070,13.23
5071,10.9
5072,13.27
5073,11.99
5074,11.17
5075,10.66
5076,12.46
5077,11.0
5078,11.8
5079,12.18
5080,10.11
5081,11.43
5082,15.21
5083,15.39
5084,10.68
5085,12.83
5086,10.29
5087,11.25
5088,13.22
5089,11.74
5090,11.53
5091,13.18
5092,11.13
5093,13.46
5094,10.47
5095,11.75
5096,11.13
5097,11.44
5098,29.91
5099,29.88
5100,29.97
5101,30.43
5102,16.54
5103,17.84
5104,16.5
5105,17.4
5106,17.82
5107,17.88
5108,17.77
5109,18.02
5110,16.02
5111,17.4
5112,17.32
5113,17.07
5114,17.56
5115,17.21
5116,16.99
5117,16.75
5118,17.37
5119,16.96
5120,17.21
5121,17.34
5122,17.83
5123,17.25
5124,17.81
5125,16.11
5126,17.34
5127,17.87
5128,16.18
5129,17.42
5130,17.68
5131,17.22
5132,18.72
5133,17.3
5134,18.08
5135,17.38
5136,17.39
5137,15.87
5138,17.7
5139,18.05
5140,15.65
5141,17.06
5142,16.83
5143,17.97
5144,17.6
5145,18.15
5146,17.21
5147,17.31
5148,16.98
5149,17.98
5150,17.87
5151,17.66
5152,17.42
5153,17.38
5154,17.63
5155,17.05
5156,18.24
5157,18.02
5158,17.84
5159,17.88
5160,16.63
5161,17.89
5162,16.09
5163,17.98
5164,16.08
5165,16.83
5166,17.85
5167,17.34
5168,17.09
5169,17.55
5170,16.62
5171,17.37
5172,17.4
5173,17.06
5174,17.25
5175,17.07
5176,16.68
5177,17.91
5178,16.33
5179,17.04
5180,15.79
5181,17.7
5182,16.26
5183,16.56
5184,17.35
5185,15.3
5186,17.73
5187,16.9
5188,16.45
5189,17.4
5190,17.33
5191,16.49
5192,18.12
5193,17.25
5194,15.81
5195,18.04
5196,17.44
5197,16.45
5198,16.51
5199,16.3
5200,17.62
5201,16.66
5202,17.65
5203,17.91
5204,17.78
5205,16.32
5206,17.48
5207,16.89
5208,17.99
5209,16.88
5210,17.07
5211,16.21
5212,16.27
5213,16.4
5214,17.75
5215,18.05
5216,16.94
5217,17.66
5218,16.74
5219,17.3
5220,17.4
5221,18.22
5222,17.01
5223,17.02
5224,17.24
5225,16.16
5226,17.55
5227,17.0
5228,17.07
5229,16.45
5230,17.42
5231,17.78
5232,17.5
5233,17.18
5234,17.39
5235,17.36
5236,17.3
5237,17.68
5238,17.8
5239,16.15
5240,16.72
5241,18.39
5242,24.63
5243,24.74
5244,6.97
5245,7.01
5246,7.02
5247,7.04
5248,7.11
5249,6.64
5250,6.78
5251,6.96
5252,7.01
5253,6.73
5254,7.31
5255,6.91
5256,6.55
5257,16.45
5258,14.95
5259,16.22
5260,11.63
5261,16.03
5262,11.74
5263,15.79
5264,16.13
5265,13.91
5266,11.85
5267,16.22
5268,13.7
5269,10.21
5270,10.41
5271,16.16
5272,16.32
5273,16.6
5274,11.14
5275,11.94
5276,16.18
5277,13.84
5278,11.56
5279,11.52
5280,13.15
5281,10.82
5282,13.18
5283,12.11
5284,11.75
5285,12.57
5286,15.62
5287,13.25
5288,10.57
5289,13.32
5290,11.34
5291,15.07
5292,15.56
5293,13.07
5294,13.07
5295,13.47
5296,15.31
5297,8.81
5298,9.12
5299,10.48
5300,8.92
5301,16.19
5302,11.13
5303,9.75
5304,17.09
5305,9.49
5306,11.66
5307,11.65
5308,14.85
5309,14.11
5310,12.8
5311,13.69
5312,10.68
5313,16.71
5314,10.01
5315,12.75
5316,11.32
5317,14.35
5318,16.25
5319,9.09
5320,9.71
5321,14.24
5322,12.39
5323,16.14
5324,14.11
5325,9.47
5326,13.52
5327,13.6
5328,9.73
5329,14.75
5330,16.06
5331,13.53
5332,14.19
5333,11.22
5334,13.38
5335,14.29
5336,10.28
5337,16.16
5338,10.75
5339,11.17
5340,15.53
5341,10.36
5342,12.28
5343,15.07
5344,13.67
5345,10.25
5346,10.28
5347,9.93
5348,9.83
5349,16.08
5350,9.81
5351,15.51
5352,14.1
5353,13.41
5354,13.15
5355,10.43
5356,9.55
5357,16.72
5358,10.95
5359,12.41
5360,12.98
5361,14.78
5362,13.7
5363,9.12
5364,12.74
5365,16.24
5366,15.42
5367,16.55
5368,9.6
5369,9.59
5370,15.98
5371,12.06
5372,15.93
5373,16.3
5374,15.82
5375,9.66
5376,15.93
5377,9.67
5378,10.97
5379,13.48
5380,16.71
5381,13.58
5382,13.76
5383,11.97
5384,11.92
5385,14.42
5386,16.81
5387,14.98
5388,10.62
5389,14.42
5390,16.77
5391,11.51
5392,15.69
5393,13.7
5394,11.2
5395,9.23
5396,12.26
5397,16.23
5398,16.16
5399,16.08
5400,10.28
5401,16.32
5402,11.38
5403,11.43
5404,14.22
5405,10.68
5406,11.23
5407,14.0
5408,14.16
5409,16.01
5410,13.58
5411,10.4
5412,10.61
5413,12.4
5414,12.39
5415,14.07
5416,11.86
5417,10.25
5418,13.73
5419,14.03
5420,10.65
5421,11.79
5422,10.32
5423,14.15
5424,13.3
5425,11.53
5426,13.57
5427,11.45
5428,10.43
5429,14.16
5430,14.12
5431,10.39
5432,10.65
5433,16.16
5434,11.4
5435,378.0
5436,21.01
5437,23.21
5438,23.67
5439,23.46
5440,22.32
5441,23.68
5442,23.52
5443,22.05
5444,23.03
5445,19.22
5446,22.06
5447,20.36
5448,20.1
5449,20.26
5450,20.35
5451,18.73
5452,19.95
5453,19.66
5454,22.74
5455,20.53
5456,20.16
5457,22.68
5458,21.89
5459,20.51
5460,18.78
5461,22.84
5462,22.8
5463,22.7
5464,21.99
5465,20.07
5466,20.08
5467,21.03
5468,19.89
5469,19.49
5470,19.94
5471,18.65
5472,19.62
5473,21.95
5474,21.86
5475,20.71
5476,22.05
5477,19.8
5478,20.13
5479,20.53
5480,20.09
5481,20.04
5482,19.42
5483,19.14
5484,21.57
5485,22.83
5486,18.75
5487,20.32
5488,20.57
5489,20.27
5490,21.72
5491,22.36
5492,22.62
5493,22.22
5494,22.36
5495,22.17
5496,20.32
5497,20.65
5498,20.66
5499,22.2
5500,22.13
5501,21.54
5502,21.58
5503,20.72
5504,21.57
5505,16.62
5506,16.86
5507,19.74
5508,19.97
5509,19.48
5510,20.07
5511,20.01
5512,19.47
5513,19.46
5514,19.94
5515,19.43
5516,19.49
5517,19.47
5518,7.34
5519,7.99
5520,24.5
5521,24.51
5522,23.16
5523,23.16
5524,23.76
5525,22.89
5526,22.98
5527,23.3
5528,23.33
5529,23.08
5530,23.62
5531,22.8
5532,23.01
5533,24.59
5534,23.67
5535,22.83
5536,25.35
5537,22.83
5538,24.17
5539,23.78
5540,23.67
5541,23.9
5542,23.49
5543,23.79
5544,22.84
5545,22.72
5546,23.42
5547,24.31
5548,25.37
5549,24.52
5550,26.0
5551,22.73
5552,24.09
5553,24.53
5554,25.91
5555,24.03
5556,25.23
5557,22.76
5558,22.98
5559,24.51
5560,23.27
5561,24.17
5562,22.62
5563,25.48
5564,26.92
5565,25.96
5566,27.48
5567,29.74
5568,27.32
5569,27.76
5570,29.56
5571,26.81
5572,28.73
5573,29.46
5574,29.31
5575,27.99
5576,29.41
5577,29.76
5578,28.13
5579,28.66
5580,28.54
5581,28.75
5582,29.29
5583,27.11
5584,28.22
5585,29.3
5586,7.11
5587,6.21
5588,7.07
5589,7.06
5590,7.03
5591,7.1
5592,7.09
5593,7.37
5594,7.11
5595,7.22
5596,7.25
5597,6.11
5598,5.6
5599,9.01
5600,6.32
5601,6.24
5602,12.69
5603,6.13
5604,6.13
5605,5.93
5606,6.03
5607,6.47
5608,6.06
5609,6.17
5610,9.7
5611,13.4
5612,5.81
5613,5.75
5614,8.19
5615,6.13
5616,9.42
5617,12.73
5618,9.68
5619,10.39
5620,10.8
5621,13.34
5622,6.23
5623,12.81
5624,13.11
5625,6.22
5626,6.42
5627,11.06
5628,11.98
5629,6.13
5630,12.71
5631,6.68
5632,7.42
5633,10.29
5634,6.57
5635,6.57
5636,10.32
5637,9.94
5638,10.13
5639,13.14
5640,8.28
5641,12.62
5642,6.45
5643,6.26
5644,13.21
5645,12.03
5646,12.82
5647,13.0
5648,9.82
5649,9.95
5650,6.31
5651,8.79
5652,12.08
5653,12.89
5654,6.36
5655,6.41
5656,8.82
5657,5.82
5658,5.89
5659,6.34
5660,6.13
5661,9.49
5662,6.31
5663,6.38
5664,12.96
5665,12.82
5666,6.15
5667,6.32
5668,7.57
5669,7.11
5670,6.23
5671,5.93
5672,13.18
5673,5.7
5674,6.14
5675,5.21
5676,5.84
5677,6.08
5678,6.95
5679,5.77
5680,7.32
5681,7.78
5682,8.0
5683,8.99
5684,5.7
5685,6.15
5686,6.53
5687,6.77
5688,5.29
5689,6.77
5690,6.55
5691,13.94
5692,5.52
5693,5.58
5694,9.58
5695,12.05
5696,10.66
5697,13.55
5698,7.12
5699,9.16
5700,13.25
5701,14.56
5702,9.57
5703,9.92
5704,7.5
5705,6.56
5706,8.85
5707,10.62
5708,6.2
5709,6.13
5710,10.17
5711,9.47
5712,8.17
5713,6.51
5714,9.12
5715,7.55
5716,12.82
5717,8.38
5718,11.83
5719,7.59
5720,5.5
5721,9.07
5722,9.25
5723,7.98
5724,10.32
5725,8.87
5726,13.04
5727,11.4
5728,7.12
5729,13.23
5730,12.88
5731,6.86
5732,13.68
5733,13.31
5734,8.49
5735,8.72
5736,8.4
5737,7.27
5738,13.49
5739,10.02
5740,11.56
5741,13.68
5742,11.92
5743,10.25
5744,12.02
5745,13.51
5746,6.55
5747,8.84
5748,12.88
5749,7.02
5750,5.7
5751,13.76
5752,13.11
5753,13.55
5754,7.66
5755,13.42
5756,13.69
5757,8.43
5758,13.99
5759,14.05
5760,8.06
5761,12.56
5762,9.73
5763,12.76
5764,5.91
5765,6.51
5766,10.04
5767,6.82
5768,13.37
5769,9.05
5770,11.42
5771,9.08
5772,9.38
5773,12.94
5774,8.99
5775,9.83
5776,6.28
5777,7.39
5778,8.13
5779,8.18
5780,12.64
5781,6.0
5782,12.65
5783,8.68
5784,13.82
5785,9.29
5786,11.24
5787,9.36
5788,13.41
5789,6.07
5790,9.27
5791,12.85
5792,6.22
5793,12.62
5794,8.36
5795,7.16
5796,13.68
5797,7.15
5798,6.13
5799,7.29
5800,6.97
5801,10.27
5802,6.96
5803,8.02
5804,6.11
5805,7.53
5806,13.01
5807,6.33
5808,6.15
5809,6.34
5810,6.29
5811,5.49
5812,10.16
5813,11.95
5814,14.07
5815,11.33
5816,12.84
5817,11.11
5818,11.17
5819,9.49
5820,10.13
5821,7.92
5822,7.95
5823,6.41
5824,6.59
5825,7.73
5826,6.11
5827,7.87
5828,10.17
5829,5.85
5830,6.84
5831,6.3
5832,5.98
5833,6.71
5834,6.69
5835,7.01
5836,11.6
5837,14.16
5838,11.99
5839,8.68
5840,9.63
5841,9.63
5842,5.25
5843,10.91
5844,6.09
5845,6.13
5846,6.13
5847,5.62
5848,12.91
5849,5.96
5850,8.85
5851,6.08
5852,5.97
5853,6.56
5854,6.89
5855,6.79
5856,8.21
5857,6.71
5858,6.03
5859,6.29
5860,6.43
5861,6.8
5862,6.35
5863,6.28
5864,6.36
5865,6.47
5866,9.38
5867,5.73
5868,13.23
5869,6.06
5870,5.44
5871,13.46
5872,13.08
5873,11.74
5874,8.47
5875,6.58
5876,6.26
5877,6.5
5878,6.27
5879,6.92
5880,6.61
5881,6.04
5882,6.05
5883,6.81
5884,6.67
5885,6.08
5886,6.73
5887,6.55
5888,6.6
5889,6.38
5890,6.1
5891,6.07
5892,12.64
5893,6.07
5894,6.56
5895,6.59
5896,6.65
5897,6.62
5898,6.08
5899,6.68
5900,6.68
5901,6.57
5902,6.69
5903,6.58
5904,6.64
5905,6.64
5906,6.63
5907,6.66
5908,6.54
5909,6.09
5910,6.53
5911,6.71
5912,6.65
5913,5.57
5914,5.93
5915,5.33
5916,9.47
5917,6.64
5918,6.45
5919,8.92
5920,9.94
5921,6.01
5922,5.98
5923,6.19
5924,6.92
5925,5.95
5926,6.5
5927,6.36
5928,7.23
5929,5.82
5930,6.14
5931,6.33
5932,6.3
5933,6.14
5934,6.15
5935,6.2
5936,6.21
5937,6.3
5938,6.78
5939,6.32
5940,6.8
5941,6.76
5942,6.44
5943,6.29
5944,6.69
5945,5.59
5946,6.03
5947,6.09
5948,6.47
5949,9.99
5950,6.01
5951,8.46
5952,5.53
5953,6.08
5954,6.1
5955,6.49
5956,6.73
5957,6.86
5958,6.18
5959,6.22
5960,6.38
5961,5.53
5962,5.6
5963,6.78
5964,10.18
5965,6.09
5966,6.31
5967,9.59
5968,6.88
5969,6.48
5970,6.3
5971,6.17
5972,5.98
5973,6.39
5974,6.04
5975,6.2
5976,9.44
5977,6.67
5978,6.28
5979,6.38
5980,6.03
5981,6.26
5982,6.05
5983,6.39
5984,6.35
5985,6.11
5986,6.43
5987,6.96
5988,6.31
5989,6.23
5990,6.24
5991,8.61
5992,6.17
5993,6.13
5994,6.05
5995,6.13
5996,9.1
5997,5.94
5998,5.97
5999,6.11
6000,6.07
6001,6.9
6002,6.03
6003,6.26
6004,6.57
6005,6.73
6006,5.96
6007,6.77
6008,6.39
6009,6.33
6010,6.37
6011,6.76
6012,6.61
6013,6.7
6014,5.97
6015,6.25
6016,6.62
6017,6.49
6018,6.65
6019,6.02
6020,8.74
6021,6.19
6022,6.59
6023,6.46
6024,6.32
6025,10.19
6026,13.52
6027,12.99
6028,26.42
6029,25.72
6030,11.97
6031,13.92
6032,11.12
6033,12.37
6034,12.19
6035,11.88
6036,13.53
6037,13.79
6038,14.36
6039,11.27
6040,10.96
6041,12.23
6042,11.41
6043,12.63
6044,15.6
6045,11.52
6046,14.21
6047,14.27
6048,16.06
6049,15.95
6050,14.0
6051,10.1
6052,12.88
6053,12.34
6054,15.96
6055,12.46
6056,12.77
6057,13.07
6058,10.84
6059,14.22
6060,16.4
6061,15.33
6062,16.33
6063,16.13
6064,14.46
6065,12.36
6066,13.22
6067,14.4
6068,11.47
6069,15.82
6070,13.7
6071,11.5
6072,13.31
6073,12.39
6074,15.45
6075,15.82
6076,11.46
6077,14.45
6078,11.07
6079,12.2
6080,15.94
6081,11.2
6082,10.86
6083,13.15
6084,13.47
6085,13.08
6086,12.31
6087,13.35
6088,12.8
6089,13.03
6090,13.36
6091,14.21
6092,14.41
6093,11.45
6094,14.06
6095,13.56
6096,12.44
6097,11.26
6098,15.86
6099,13.91
6100,12.39
6101,22.7
6102,21.36
6103,21.05
6104,22.15
6105,22.86
6106,22.36
6107,22.0
6108,21.51
6109,19.59
6110,20.7
6111,20.46
6112,21.44
6113,21.5
6114,20.51
6115,19.24
6116,21.07
6117,19.74
6118,23.17
6119,21.48
6120,21.7
6121,20.91
6122,22.19
6123,20.98
6124,19.66
6125,19.67
6126,23.01
6127,20.68
6128,21.07
6129,21.76
6130,20.83
6131,19.96
6132,19.7
6133,19.92
6134,19.68
6135,20.08
6136,21.49
6137,21.02
6138,20.65
6139,21.97
6140,20.56
6141,20.26
6142,19.18
6143,22.63
6144,19.29
6145,19.94
6146,20.6
6147,21.57
6148,19.33
6149,21.01
6150,21.68
6151,21.85
6152,21.56
6153,19.78
6154,19.51
6155,20.41
6156,19.18
6157,20.97
6158,22.0
6159,19.98
6160,19.3
6161,21.05
6162,21.6
6163,21.72
6164,21.49
6165,20.51
6166,22.03
6167,20.21
6168,20.68
6169,21.7
6170,25.05
6171,19.6
6172,20.58
6173,20.7
6174,21.97
6175,7.43
6176,6.36
6177,8.33
6178,5.72
6179,6.8
6180,7.32
6181,7.98
6182,7.38
6183,6.76
6184,8.01
6185,7.1
6186,6.64
6187,7.73
6188,5.79
6189,7.34
6190,8.37
6191,7.43
6192,7.21
6193,7.22
6194,7.25
6195,7.35
6196,6.23
6197,6.09
6198,5.4
6199,4.64
6200,5.9
6201,6.47
6202,6.39
6203,5.92
6204,4.77
6205,5.51
6206,5.53
6207,5.62
6208,5.92
6209,5.52
6210,5.57
6211,6.2
6212,5.45
6213,5.3
6214,5.39
6215,6.24
6216,5.19
6217,5.41
6218,5.31
6219,5.35
6220,5.37
6221,4.61
6222,5.07
6223,5.32
6224,5.33
6225,5.37
6226,4.89
6227,4.75
6228,5.04
6229,5.25
6230,4.79
6231,5.13
6232,4.88
6233,5.43
6234,5.09
6235,5.19
6236,4.9
6237,4.82
6238,5.4
6239,4.9
6240,5.38
6241,6.18
6242,6.17
6243,5.97
6244,6.27
6245,5.49
6246,5.93
6247,6.25
6248,5.27
6249,6.01
6250,5.64
6251,6.12
6252,6.14
6253,5.29
6254,6.05
6255,6.23
6256,6.15
6257,5.6
6258,6.19
6259,6.18
6260,6.23
6261,6.45
6262,6.25
6263,5.85
6264,6.41
6265,5.5
6266,4.82
6267,6.18
6268,6.05
6269,6.2
6270,5.29
6271,6.24
6272,5.98
6273,6.18
6274,5.57
6275,6.02
6276,6.0
6277,5.64
6278,5.25
6279,5.62
6280,6.14
6281,5.64
6282,6.17
6283,6.01
6284,4.64
6285,6.16
6286,6.18
6287,6.24
6288,5.93
6289,5.32
6290,6.04
6291,5.96
6292,5.88
6293,6.43
6294,6.02
6295,6.26
6296,5.58
6297,6.27
6298,6.18
6299,6.14
6300,6.29
6301,6.17
6302,6.15
6303,6.29
6304,5.62
6305,6.24
6306,5.29
6307,6.16
6308,6.01
6309,5.6
6310,6.17
6311,6.36
6312,6.26
6313,6.15
6314,6.34
6315,6.21
6316,5.99
6317,6.25
6318,5.58
6319,6.25
6320,8.54
6321,8.05
6322,8.41
6323,8.24
6324,7.96
6325,8.35
6326,28.59
6327,28.63
6328,29.32
6329,29.45
6330,30.06
6331,29.83
6332,29.72
6333,29.56
6334,29.79
6335,29.33
6336,29.99
6337,29.25
6338,29.09
6339,29.03
6340,28.61
6341,29.92
6342,11.1
6343,10.41
6344,10.85
6345,10.94
6346,10.74
6347,11.6
6348,10.55
6349,10.52
6350,10.07
6351,11.38
6352,11.5
6353,10.5
6354,10.36
6355,10.0
6356,10.99
6357,11.01
6358,10.61
6359,10.71
6360,10.79
6361,15.68
6362,12.61
6363,16.75
6364,16.22
6365,16.54
6366,15.68
6367,15.34
6368,13.4
6369,14.11
6370,16.68
6371,10.74
6372,16.16
6373,15.15
6374,15.55
6375,16.18
6376,15.69
6377,15.34
6378,16.98
6379,12.96
6380,14.6
6381,13.24
6382,16.41
6383,15.33
6384,16.74
6385,16.34
6386,13.21
6387,10.75
6388,12.85
6389,18.23
6390,16.79
6391,14.7
6392,17.45
6393,13.1
6394,17.31
6395,15.71
6396,11.06
6397,15.46
6398,15.38
6399,10.7
6400,13.18
6401,18.5
6402,10.68
6403,9.82
6404,11.23
6405,10.31
6406,13.83
6407,13.41
6408,14.4
6409,12.22
6410,13.33
6411,14.97
6412,12.91
6413,14.17
6414,13.62
6415,14.91
6416,12.59
6417,13.8
6418,9.92
6419,14.76
6420,12.79
6421,15.63
6422,13.5
6423,13.78
6424,9.8
6425,11.16
6426,12.97
6427,11.99
6428,9.88
6429,9.89
6430,12.66
6431,11.46
6432,11.74
6433,12.03
6434,12.01
6435,133.63
6436,19.38
6437,19.61
6438,21.33
6439,19.49
6440,18.54
6441,20.04
6442,18.11
6443,26.61
6444,18.12
6445,18.34
6446,18.41
6447,18.44
6448,19.19
6449,19.15
6450,19.66
6451,20.78
6452,18.09
6453,23.14
6454,19.61
6455,20.44
6456,20.72
6457,21.95
6458,19.45
6459,19.42
6460,19.28
6461,2.96
6462,1.74
6463,3.14
6464,2.88
6465,2.54
6466,1.07
6467,1.08
6468,1.11
6469,0.97
6470,2.15
6471,0.97
6472,0.17
6473,2.73
6474,2.16
6475,3.74
6476,2.71
6477,0.81
6478,2.76
6479,1.8
6480,1.31
6481,0.81
6482,3.68
6483,2.19
6484,2.54
6485,0.55
6486,1.89
6487,1.48
6488,0.76
6489,0.79
6490,1.28
6491,2.24
6492,0.68
6493,0.15
6494,0.98
6495,2.79
6496,1.96
6497,2.76
6498,3.12
6499,1.57
6500,0.46
6501,2.5
6502,2.46
6503,1.09
6504,2.8
6505,1.16
6506,2.79
6507,1.62
6508,3.03
6509,1.75
6510,1.11
6511,1.99
6512,1.11
6513,1.72
6514,4.67
6515,0.64
6516,2.46
6517,2.02
6518,2.81
6519,2.65
6520,0.87
6521,4.71
6522,0.26
6523,0.67
6524,3.01
6525,4.73
6526,1.59
6527,2.28
6528,1.97
6529,0.24
6530,0.38
6531,1.87
6532,0.75
6533,2.67
6534,1.03
6535,1.61
6536,4.23
6537,2.44
6538,4.84
6539,0.98
6540,1.46
6541,2.51
6542,4.18
6543,0.55
6544,1.76
6545,1.71
6546,1.11
6547,4.35
6548,1.04
6549,1.37
6550,1.38
6551,2.96
6552,0.79
6553,1.59
6554,2.78
6555,2.97
6556,2.98
6557,0.28
6558,3.3
6559,0.71
6560,2.24
6561,2.75
6562,1.04
6563,3.76
6564,3.99
6565,1.35
6566,2.29
6567,1.25
6568,2.08
6569,2.64
6570,1.97
6571,2.32
6572,3.6
6573,0.85
6574,0.09
6575,2.69
6576,1.12
6577,4.67
6578,2.61
6579,2.36
6580,4.5
6581,0.82
6582,0.64
6583,3.29
6584,2.42
6585,1.37
6586,0.87
6587,0.28
6588,0.25
6589,1.04
6590,4.83
6591,1.54
6592,3.57
6593,0.73
6594,0.78
6595,0.74
6596,2.66
6597,2.55
6598,1.11
6599,2.76
6600,0.85
6601,0.24
6602,0.8
6603,2.26
6604,2.23
6605,1.87
6606,0.94
6607,1.68
6608,4.33
6609,1.12
6610,2.06
6611,0.99
6612,0.68
6613,1.15
6614,0.76
6615,1.45
6616,3.54
6617,0.92
6618,0.39
6619,0.98
6620,0.16
6621,2.21
6622,0.95
6623,2.17
6624,1.06
6625,2.16
6626,3.0
6627,0.3
6628,1.19
6629,1.16
6630,2.49
6631,0.91
6632,2.1
6633,2.15
6634,1.36
6635,0.46
6636,2.96
6637,0.43
6638,3.07
6639,2.48
6640,0.87
6641,3.23
6642,2.48
6643,1.97
6644,0.14
6645,1.6
6646,0.95
6647,0.19
6648,1.06
6649,5.32
6650,4.4
6651,1.09
6652,0.83
6653,1.91
6654,5.66
6655,4.24
6656,0.43
6657,3.68
6658,2.71
6659,2.33
6660,2.64
6661,2.59
6662,4.29
6663,5.63
6664,1.39
6665,1.69
6666,1.04
6667,2.23
6668,1.15
6669,3.4
6670,2.0
6671,1.64
6672,2.74
6673,4.18
6674,3.17
6675,2.64
6676,2.51
6677,5.31
6678,0.97
6679,4.39
6680,1.01
6681,0.25
6682,0.45
6683,2.81
6684,1.35
6685,2.11
6686,5.25
6687,5.33
6688,1.93
6689,2.59
6690,3.84
6691,5.23
6692,3.54
6693,0.94
6694,5.13
6695,5.76
6696,2.24
6697,5.31
6698,2.54
6699,4.36
6700,3.74
6701,0.25
6702,3.54
6703,2.04
6704,1.31
6705,1.2
6706,6.21
6707,1.36
6708,2.3
6709,2.24
6710,3.12
6711,1.42
6712,2.36
6713,5.33
6714,4.3
6715,0.41
6716,2.5
6717,4.06
6718,5.6
6719,0.46
6720,5.26
6721,2.57
6722,3.34
6723,0.67
6724,0.91
6725,4.95
6726,4.53
6727,3.19
6728,5.96
6729,5.94
6730,3.34
6731,2.27
6732,4.98
6733,4.82
6734,3.31
6735,1.81
6736,4.48
6737,2.68
6738,1.06
6739,2.79
6740,1.67
6741,2.62
6742,0.86
6743,3.39
6744,0.9
6745,4.01
6746,2.02
6747,2.17
6748,1.17
6749,4.49
6750,1.08
6751,0.96
6752,1.12
6753,3.33
6754,1.01
6755,2.34
6756,3.73
6757,5.26
6758,3.86
6759,0.6
6760,3.42
6761,3.14
6762,0.97
6763,2.19
6764,0.2
6765,0.41
6766,0.41
6767,2.8
6768,1.0
6769,0.84
6770,2.61
6771,4.4
6772,2.95
6773,0.57
6774,0.45
6775,0.93
6776,0.92
6777,2.68
6778,2.91
6779,1.95
6780,0.41
6781,1.19
6782,2.7
6783,0.44
6784,0.78
6785,3.07
6786,1.48
6787,1.24
6788,0.96
6789,3.01
6790,1.09
6791,2.72
6792,1.41
6793,1.66
6794,6.05
6795,2.09
6796,1.51
6797,0.32
6798,6.14
6799,0.77
6800,1.3
6801,1.34
6802,1.56
6803,3.67
6804,3.12
6805,2.06
6806,2.03
6807,0.88
6808,1.35
6809,1.78
6810,1.72
6811,1.52
6812,0.92
6813,1.73
6814,0.37
6815,2.73
6816,1.3
6817,0.58
6818,0.46
6819,1.18
6820,2.23
6821,0.54
6822,2.12
6823,2.23
6824,0.88
6825,0.38
6826,3.25
6827,2.65
6828,3.45
6829,2.52
6830,0.92
6831,5.5
6832,1.55
6833,2.62
6834,0.87
6835,1.87
6836,3.03
6837,0.25
6838,0.91
6839,2.36
6840,1.66
6841,0.46
6842,2.29
6843,2.93
6844,0.63
6845,4.75
6846,3.27
6847,0.27
6848,1.09
6849,0.65
6850,1.74
6851,0.59
6852,0.37
6853,4.59
6854,3.39
6855,0.97
6856,0.41
6857,5.6
6858,3.05
6859,1.53
6860,5.12
6861,3.69
6862,3.54
6863,3.24
6864,0.37
6865,2.36
6866,2.85
6867,1.87
6868,0.41
6869,4.67
6870,1.31
6871,1.86
6872,0.99
6873,2.27
6874,0.63
6875,2.32
6876,1.23
6877,1.76
6878,1.03
6879,0.92
6880,2.04
6881,3.49
6882,3.41
6883,2.1
6884,1.55
6885,0.34
6886,4.06
6887,2.56
6888,1.09
6889,1.31
6890,3.23
6891,0.97
6892,2.72
6893,3.44
6894,1.51
6895,3.76
6896,1.58
6897,0.67
6898,2.67
6899,0.42
6900,2.2
6901,0.87
6902,0.19
6903,2.7
6904,2.93
6905,0.6
6906,0.57
6907,0.95
6908,2.57
6909,2.25
6910,0.41
6911,0.74
6912,1.08
6913,3.72
6914,1.66
6915,1.44
6916,2.0
6917,3.46
6918,0.96
6919,3.56
6920,2.58
6921,0.45
6922,1.73
6923,3.44
6924,2.48
6925,2.86
6926,0.84
6927,0.38
6928,1.86
6929,2.24
6930,0.71
6931,0.87
6932,0.74
6933,0.95
6934,1.97
6935,4.48
6936,0.9
6937,4.53
6938,2.4
6939,5.7
6940,5.92
6941,2.71
6942,3.19
6943,3.12
6944,2.53
6945,1.03
6946,2.1
6947,3.18
6948,2.37
6949,4.28
6950,0.64
6951,1.09
6952,0.68
6953,2.73
6954,0.75
6955,1.33
6956,1.87
6957,4.27
6958,0.83
6959,1.21
6960,2.58
6961,5.58
6962,5.96
6963,1.84
6964,4.15
6965,1.02
6966,5.55
6967,3.81
6968,3.29
6969,2.57
6970,1.7
6971,1.64
6972,3.03
6973,3.33
6974,0.64
6975,1.66
6976,4.05
6977,5.18
6978,4.34
6979,1.45
6980,3.63
6981,4.75
6982,3.38
6983,4.05
6984,1.56
6985,2.87
6986,3.15
6987,3.11
6988,1.62
6989,2.53
6990,2.77
6991,2.6
6992,4.91
6993,1.25
6994,1.2
6995,3.01
6996,3.87
6997,2.15
6998,2.19
6999,2.93
7000,1.94
7001,4.11
7002,3.59
7003,2.74
7004,4.25
7005,0.67
7006,1.05
7007,1.74
7008,5.05
7009,1.34
7010,2.04
7011,3.19
7012,3.37
7013,1.25
7014,1.9
7015,4.54
7016,1.67
7017,3.55
7018,1.08
7019,1.69
7020,3.12
7021,5.21
7022,2.46
7023,5.01
7024,5.96
7025,2.76
7026,3.55
7027,0.91
7028,3.67
7029,0.59
7030,1.09
7031,0.66
7032,1.52
7033,0.55
7034,0.73
7035,4.48
7036,3.93
7037,0.67
7038,2.58
7039,2.39
7040,4.1
7041,1.22
7042,0.75
7043,2.55
7044,1.98
7045,2.68
7046,2.61
7047,1.56
7048,0.87
7049,0.51
7050,0.95
7051,0.29
7052,2.37
7053,2.84
7054,2.34
7055,4.78
7056,1.63
7057,4.92
7058,6.13
7059,5.13
7060,3.05
7061,2.0
7062,4.15
7063,1.84
7064,0.77
7065,0.98
7066,2.35
7067,1.25
7068,5.74
7069,5.44
7070,5.73
7071,1.84
7072,2.08
7073,2.51
7074,5.96
7075,2.7
7076,3.15
7077,4.58
7078,2.3
7079,5.73
7080,5.9
7081,3.33
7082,4.11
7083,4.74
7084,4.05
7085,0.79
7086,4.83
7087,5.1
7088,2.1
7089,3.61
7090,1.77
7091,6.03
7092,2.8
7093,4.55
7094,3.51
7095,4.68
7096,0.11
7097,5.88
7098,2.23
7099,1.18
7100,4.32
7101,1.21
7102,1.55
7103,3.9
7104,2.64
7105,3.33
7106,2.11
7107,2.2
7108,5.47
7109,1.26
7110,4.2
7111,3.12
7112,2.62
7113,4.67
7114,4.78
7115,5.17
7116,5.7
7117,2.74
7118,14.41
7119,9.15
7120,9.09
7121,9.05
7122,9.02
7123,8.88
7124,10.24
7125,8.69
7126,8.74
7127,9.24
7128,8.98
7129,9.2
7130,10.14
7131,9.44
7132,9.23
7133,9.09
7134,22.53
7135,20.39
7136,20.67
7137,20.23
7138,25.88
7139,26.17
7140,23.1
7141,21.11
7142,23.17
7143,21.85
7144,24.02
7145,23.97
7146,21.79
7147,23.36
7148,22.23
7149,23.66
7150,21.43
7151,25.83
7152,21.5
7153,24.75
7154,22.25
7155,23.61
7156,22.02
7157,23.64
7158,21.35
7159,21.42
7160,19.74
7161,25.89
7162,19.77
7163,21.61
7164,21.79
7165,23.78
7166,20.3
7167,23.2
7168,24.29
7169,23.47
7170,23.58
7171,22.42
7172,26.17
7173,23.27
7174,24.08
7175,21.41
7176,25.04
7177,20.19
7178,20.56
7179,20.05
7180,20.52
7181,24.1
7182,20.4
7183,21.47
7184,25.18
7185,22.42
7186,22.79
7187,22.38
7188,24.06
7189,26.08
7190,21.86
7191,24.19
7192,23.45
7193,20.42
7194,19.99
7195,20.47
7196,20.72
7197,23.44
7198,23.37
7199,20.77
7200,20.89
7201,23.45
7202,22.76
7203,23.29
7204,24.24
7205,20.12
7206,20.06
7207,20.55
7208,20.38
7209,20.04
7210,23.31
7211,22.31
7212,24.21
7213,22.65
7214,20.32
7215,23.77
7216,22.51
7217,23.14
7218,25.03
7219,22.55
7220,21.43
7221,23.77
7222,22.49
7223,25.57
7224,25.16
7225,20.11
7226,23.49
7227,26.06
7228,22.82
7229,25.23
7230,23.46
7231,20.33
7232,22.64
7233,20.91
7234,22.52
7235,20.72
7236,23.68
7237,24.12
7238,21.71
7239,22.11
7240,22.2
7241,22.44
7242,22.44
7243,22.85
