pid,numimage
0,11.0
1,30.0
2,21.0
3,
4,
5,
6,
7,
8,
9,
10,6.0
11,18.0
12,12.0
13,22.0
14,22.0
15,13.0
16,8.0
17,12.0
18,4.0
19,2.0
20,
21,
22,
23,
24,
25,
26,
27,
28,
29,
30,
31,
32,
33,
34,
35,
36,
37,
38,
39,
40,
41,
42,
43,
44,
45,
46,
47,
48,
49,
50,
51,
52,
53,
54,
55,
56,
57,
58,
59,
60,
61,
62,
63,
64,
65,
66,
67,
68,
69,
70,
71,
72,
73,
74,
75,
76,
77,
78,
79,
80,
81,
82,
83,
84,
85,
86,
87,
88,
89,
90,
91,
92,
93,
94,
95,
96,
97,
98,
99,
100,
101,
102,
103,
104,
105,
106,
107,
108,
109,
110,
111,
112,
113,
114,
115,
116,
117,
118,
119,
120,
121,
122,
123,
124,
125,
126,11.0
127,21.0
128,24.0
129,2.0
130,18.0
131,1.0
132,22.0
133,7.0
134,15.0
135,14.0
136,12.0
137,8.0
138,8.0
139,30.0
140,20.0
141,14.0
142,21.0
143,16.0
144,7.0
145,12.0
146,28.0
147,22.0
148,15.0
149,17.0
150,17.0
151,20.0
152,12.0
153,5.0
154,25.0
155,38.0
156,5.0
157,12.0
158,28.0
159,85.0
160,37.0
161,38.0
162,73.0
163,45.0
164,40.0
165,95.0
166,43.0
167,12.0
168,10.0
169,30.0
170,30.0
171,22.0
172,1.0
173,16.0
174,29.0
175,4.0
176,29.0
177,1.0
178,14.0
179,21.0
180,19.0
181,13.0
182,30.0
183,10.0
184,30.0
185,30.0
186,15.0
187,7.0
188,9.0
189,16.0
190,27.0
191,10.0
192,8.0
193,13.0
194,26.0
195,27.0
196,20.0
197,20.0
198,23.0
199,20.0
200,1.0
201,12.0
202,30.0
203,15.0
204,12.0
205,13.0
206,21.0
207,1.0
208,13.0
209,1.0
210,12.0
211,12.0
212,13.0
213,30.0
214,9.0
215,5.0
216,15.0
217,4.0
218,9.0
219,14.0
220,29.0
221,22.0
222,30.0
223,16.0
224,30.0
225,18.0
226,22.0
227,2.0
228,10.0
229,30.0
230,11.0
231,22.0
232,30.0
233,29.0
234,17.0
235,30.0
236,30.0
237,12.0
238,27.0
239,30.0
240,14.0
241,15.0
242,12.0
243,29.0
244,29.0
245,6.0
246,30.0
247,30.0
248,25.0
249,18.0
250,1.0
251,1.0
252,25.0
253,30.0
254,24.0
255,20.0
256,23.0
257,1.0
258,9.0
259,1.0
260,30.0
261,6.0
262,12.0
263,21.0
264,20.0
265,23.0
266,30.0
267,24.0
268,30.0
269,30.0
270,23.0
271,12.0
272,20.0
273,1.0
274,6.0
275,19.0
276,22.0
277,6.0
278,30.0
279,29.0
280,30.0
281,2.0
282,30.0
283,30.0
284,30.0
285,27.0
286,22.0
287,28.0
288,16.0
289,17.0
290,30.0
291,29.0
292,23.0
293,3.0
294,8.0
295,28.0
296,7.0
297,13.0
298,7.0
299,17.0
300,12.0
301,19.0
302,1.0
303,2.0
304,12.0
305,29.0
306,15.0
307,1.0
308,22.0
309,15.0
310,25.0
311,20.0
312,20.0
313,30.0
314,29.0
315,13.0
316,19.0
317,20.0
318,24.0
319,27.0
320,16.0
321,9.0
322,8.0
323,5.0
324,12.0
325,26.0
326,14.0
327,24.0
328,1.0
329,8.0
330,17.0
331,14.0
332,1.0
333,7.0
334,29.0
335,30.0
336,30.0
337,29.0
338,24.0
339,22.0
340,13.0
341,12.0
342,20.0
343,28.0
344,9.0
345,21.0
346,10.0
347,13.0
348,30.0
349,30.0
350,21.0
351,30.0
352,8.0
353,24.0
354,19.0
355,19.0
356,17.0
357,11.0
358,19.0
359,14.0
360,12.0
361,8.0
362,30.0
363,19.0
364,1.0
365,25.0
366,26.0
367,19.0
368,14.0
369,9.0
370,30.0
371,30.0
372,22.0
373,24.0
374,30.0
375,29.0
376,19.0
377,18.0
378,20.0
379,30.0
380,27.0
381,30.0
382,8.0
383,14.0
384,30.0
385,10.0
386,28.0
387,30.0
388,11.0
389,1.0
390,12.0
391,12.0
392,14.0
393,29.0
394,19.0
395,30.0
396,14.0
397,5.0
398,29.0
399,20.0
400,17.0
401,18.0
402,20.0
403,12.0
404,18.0
405,19.0
406,15.0
407,14.0
408,19.0
409,13.0
410,23.0
411,30.0
412,19.0
413,16.0
414,1.0
415,1.0
416,1.0
417,30.0
418,18.0
419,13.0
420,20.0
421,8.0
422,15.0
423,8.0
424,16.0
425,18.0
426,16.0
427,20.0
428,20.0
429,7.0
430,7.0
431,20.0
432,20.0
433,20.0
434,18.0
435,5.0
436,19.0
437,5.0
438,20.0
439,18.0
440,25.0
441,18.0
442,15.0
443,14.0
444,1.0
445,21.0
446,25.0
447,13.0
448,4.0
449,15.0
450,9.0
451,12.0
452,14.0
453,11.0
454,1.0
455,8.0
456,1.0
457,5.0
458,26.0
459,11.0
460,7.0
461,15.0
462,6.0
463,12.0
464,12.0
465,4.0
466,23.0
467,5.0
468,30.0
469,22.0
470,25.0
471,20.0
472,23.0
473,20.0
474,24.0
475,24.0
476,11.0
477,18.0
478,12.0
479,26.0
480,30.0
481,1.0
482,16.0
483,26.0
484,6.0
485,1.0
486,20.0
487,18.0
488,17.0
489,35.0
490,4.0
491,5.0
492,12.0
493,6.0
494,4.0
495,12.0
496,61.0
497,2.0
498,39.0
499,12.0
500,4.0
501,5.0
502,8.0
503,10.0
504,5.0
505,1.0
506,2.0
507,3.0
508,2.0
509,17.0
510,6.0
511,6.0
512,6.0
513,18.0
514,2.0
515,1.0
516,2.0
517,3.0
518,3.0
519,2.0
520,2.0
521,2.0
522,2.0
523,2.0
524,12.0
525,1.0
526,7.0
527,4.0
528,2.0
529,4.0
530,4.0
531,3.0
532,2.0
533,4.0
534,2.0
535,2.0
536,2.0
537,2.0
538,1.0
539,2.0
540,3.0
541,13.0
542,4.0
543,4.0
544,12.0
545,3.0
546,2.0
547,3.0
548,3.0
549,4.0
550,3.0
551,2.0
552,5.0
553,2.0
554,7.0
555,2.0
556,6.0
557,2.0
558,2.0
559,31.0
560,11.0
561,6.0
562,3.0
563,2.0
564,2.0
565,2.0
566,2.0
567,1.0
568,1.0
569,1.0
570,1.0
571,5.0
572,1.0
573,2.0
574,2.0
575,2.0
576,4.0
577,1.0
578,2.0
579,3.0
580,17.0
581,2.0
582,2.0
583,2.0
584,7.0
585,4.0
586,2.0
587,12.0
588,1.0
589,11.0
590,2.0
591,3.0
592,3.0
593,11.0
594,13.0
595,2.0
596,2.0
597,6.0
598,8.0
599,2.0
600,2.0
601,2.0
602,2.0
603,2.0
604,2.0
605,2.0
606,1.0
607,4.0
608,2.0
609,3.0
610,2.0
611,3.0
612,17.0
613,3.0
614,3.0
615,2.0
616,3.0
617,3.0
618,2.0
619,4.0
620,6.0
621,3.0
622,5.0
623,2.0
624,2.0
625,4.0
626,2.0
627,5.0
628,2.0
629,2.0
630,9.0
631,9.0
632,1.0
633,
634,
635,
636,22.0
637,15.0
638,22.0
639,10.0
640,19.0
641,30.0
642,1.0
643,16.0
644,30.0
645,6.0
646,24.0
647,9.0
648,1.0
649,30.0
650,29.0
651,30.0
652,1.0
653,30.0
654,8.0
655,6.0
656,25.0
657,30.0
658,27.0
659,8.0
660,26.0
661,1.0
662,27.0
663,25.0
664,6.0
665,30.0
666,12.0
667,23.0
668,6.0
669,25.0
670,29.0
671,2.0
672,34.0
673,2.0
674,
675,
676,
677,
678,
679,
680,
681,
682,
683,
684,
685,
686,
687,
688,
689,
690,9.0
691,8.0
692,7.0
693,12.0
694,29.0
695,24.0
696,1.0
697,4.0
698,28.0
699,11.0
700,29.0
701,30.0
702,14.0
703,30.0
704,24.0
705,15.0
706,1.0
707,25.0
708,19.0
709,30.0
710,15.0
711,20.0
712,1.0
713,30.0
714,30.0
715,1.0
716,13.0
717,27.0
718,1.0
719,1.0
720,1.0
721,29.0
722,10.0
723,26.0
724,29.0
725,19.0
726,3.0
727,15.0
728,2.0
729,16.0
730,7.0
731,6.0
732,23.0
733,28.0
734,21.0
735,8.0
736,27.0
737,10.0
738,25.0
739,16.0
740,14.0
741,23.0
742,1.0
743,9.0
744,16.0
745,13.0
746,11.0
747,26.0
748,7.0
749,5.0
750,20.0
751,29.0
752,26.0
753,18.0
754,30.0
755,23.0
756,16.0
757,16.0
758,1.0
759,6.0
760,1.0
761,19.0
762,17.0
763,9.0
764,1.0
765,8.0
766,12.0
767,16.0
768,12.0
769,12.0
770,18.0
771,9.0
772,5.0
773,13.0
774,1.0
775,14.0
776,5.0
777,28.0
778,30.0
779,23.0
780,30.0
781,14.0
782,22.0
783,23.0
784,23.0
785,32.0
786,25.0
787,22.0
788,8.0
789,17.0
790,40.0
791,1.0
792,20.0
793,27.0
794,6.0
795,3.0
796,63.0
797,2.0
798,2.0
799,5.0
800,2.0
801,40.0
802,11.0
803,2.0
804,10.0
805,14.0
806,5.0
807,2.0
808,5.0
809,6.0
810,4.0
811,1.0
812,10.0
813,2.0
814,4.0
815,3.0
816,2.0
817,2.0
818,17.0
819,5.0
820,3.0
821,4.0
822,2.0
823,2.0
824,2.0
825,3.0
826,9.0
827,2.0
828,2.0
829,1.0
830,2.0
831,4.0
832,13.0
833,8.0
834,2.0
835,
836,
837,
838,
839,
840,
841,
842,
843,
844,
845,
846,
847,
848,
849,
850,
851,
852,
853,19.0
854,14.0
855,24.0
856,17.0
857,20.0
858,24.0
859,14.0
860,44.0
861,30.0
862,2.0
863,2.0
864,2.0
865,1.0
866,
867,
868,
869,
870,
871,
872,
873,
874,
875,
876,
877,
878,
879,
880,
881,
882,
883,
884,
885,
886,
887,
888,
889,
890,
891,
892,
893,
894,
895,
896,
897,
898,
899,
900,
901,
902,
903,
904,
905,
906,
907,
908,
909,
910,
911,
912,
913,
914,
915,
916,
917,
918,
919,
920,
921,
922,
923,
924,
925,
926,
927,
928,
929,
930,
931,
932,
933,
934,
935,
936,
937,
938,
939,
940,
941,
942,
943,
944,
945,
946,
947,
948,
949,
950,
951,
952,
953,
954,
955,
956,
957,
958,
959,
960,
961,
962,
963,
964,
965,
966,
967,
968,
969,
970,
971,
972,
973,
974,
975,
976,
977,
978,
979,
980,
981,
982,
983,
984,
985,
986,
987,
988,
989,
990,
991,
992,
993,
994,
995,
996,
997,7.0
998,16.0
999,12.0
1000,15.0
1001,9.0
1002,9.0
1003,20.0
1004,22.0
1005,20.0
1006,37.0
1007,4.0
1008,16.0
1009,18.0
1010,11.0
1011,11.0
1012,10.0
1013,28.0
1014,24.0
1015,10.0
1016,12.0
1017,13.0
1018,18.0
1019,17.0
1020,9.0
1021,8.0
1022,8.0
1023,12.0
1024,5.0
1025,13.0
1026,5.0
1027,7.0
1028,27.0
1029,32.0
1030,13.0
1031,12.0
1032,1.0
1033,12.0
1034,1.0
1035,5.0
1036,4.0
1037,8.0
1038,4.0
1039,54.0
1040,17.0
1041,8.0
1042,8.0
1043,8.0
1044,20.0
1045,14.0
1046,65.0
1047,67.0
1048,113.0
1049,32.0
1050,68.0
1051,3.0
1052,4.0
1053,3.0
1054,2.0
1055,14.0
1056,2.0
1057,15.0
1058,25.0
1059,29.0
1060,21.0
1061,17.0
1062,20.0
1063,22.0
1064,15.0
1065,21.0
1066,29.0
1067,16.0
1068,1.0
1069,15.0
1070,16.0
1071,24.0
1072,18.0
1073,9.0
1074,24.0
1075,21.0
1076,12.0
1077,19.0
1078,18.0
1079,30.0
1080,6.0
1081,9.0
1082,25.0
1083,30.0
1084,13.0
1085,30.0
1086,30.0
1087,24.0
1088,16.0
1089,25.0
1090,16.0
1091,8.0
1092,9.0
1093,1.0
1094,30.0
1095,8.0
1096,1.0
1097,1.0
1098,11.0
1099,18.0
1100,1.0
1101,1.0
1102,1.0
1103,29.0
1104,30.0
1105,27.0
1106,30.0
1107,27.0
1108,30.0
1109,28.0
1110,6.0
1111,30.0
1112,11.0
1113,23.0
1114,14.0
1115,1.0
1116,1.0
1117,27.0
1118,27.0
1119,17.0
1120,25.0
1121,14.0
1122,28.0
1123,7.0
1124,21.0
1125,10.0
1126,17.0
1127,19.0
1128,1.0
1129,30.0
1130,29.0
1131,28.0
1132,15.0
1133,19.0
1134,19.0
1135,5.0
1136,23.0
1137,27.0
1138,27.0
1139,28.0
1140,16.0
1141,8.0
1142,1.0
1143,1.0
1144,29.0
1145,2.0
1146,16.0
1147,13.0
1148,30.0
1149,1.0
1150,30.0
1151,1.0
1152,27.0
1153,15.0
1154,15.0
1155,30.0
1156,14.0
1157,1.0
1158,30.0
1159,30.0
1160,30.0
1161,8.0
1162,21.0
1163,10.0
1164,11.0
1165,30.0
1166,20.0
1167,24.0
1168,27.0
1169,12.0
1170,13.0
1171,14.0
1172,1.0
1173,14.0
1174,16.0
1175,18.0
1176,9.0
1177,18.0
1178,24.0
1179,6.0
1180,28.0
1181,12.0
1182,22.0
1183,23.0
1184,28.0
1185,1.0
1186,30.0
1187,30.0
1188,30.0
1189,12.0
1190,19.0
1191,17.0
1192,14.0
1193,1.0
1194,17.0
1195,8.0
1196,28.0
1197,23.0
1198,28.0
1199,14.0
1200,29.0
1201,28.0
1202,12.0
1203,19.0
1204,15.0
1205,16.0
1206,15.0
1207,1.0
1208,22.0
1209,1.0
1210,15.0
1211,1.0
1212,12.0
1213,1.0
1214,6.0
1215,4.0
1216,18.0
1217,16.0
1218,24.0
1219,22.0
1220,12.0
1221,23.0
1222,10.0
1223,20.0
1224,20.0
1225,19.0
1226,15.0
1227,6.0
1228,20.0
1229,20.0
1230,7.0
1231,20.0
1232,4.0
1233,4.0
1234,11.0
1235,13.0
1236,13.0
1237,12.0
1238,7.0
1239,9.0
1240,7.0
1241,1.0
1242,31.0
1243,21.0
1244,65.0
1245,23.0
1246,9.0
1247,1.0
1248,8.0
1249,18.0
1250,21.0
1251,20.0
1252,7.0
1253,1.0
1254,5.0
1255,7.0
1256,10.0
1257,2.0
1258,6.0
1259,4.0
1260,7.0
1261,5.0
1262,3.0
1263,2.0
1264,3.0
1265,5.0
1266,3.0
1267,4.0
1268,4.0
1269,6.0
1270,3.0
1271,137.0
1272,2.0
1273,3.0
1274,5.0
1275,6.0
1276,2.0
1277,12.0
1278,5.0
1279,4.0
1280,2.0
1281,2.0
1282,1.0
1283,3.0
1284,2.0
1285,9.0
1286,4.0
1287,3.0
1288,6.0
1289,3.0
1290,1.0
1291,11.0
1292,12.0
1293,1.0
1294,4.0
1295,4.0
1296,3.0
1297,7.0
1298,25.0
1299,3.0
1300,3.0
1301,2.0
1302,60.0
1303,11.0
1304,11.0
1305,6.0
1306,11.0
1307,1.0
1308,2.0
1309,2.0
1310,2.0
1311,14.0
1312,8.0
1313,5.0
1314,2.0
1315,4.0
1316,24.0
1317,2.0
1318,2.0
1319,9.0
1320,3.0
1321,3.0
1322,4.0
1323,4.0
1324,3.0
1325,3.0
1326,45.0
1327,3.0
1328,2.0
1329,6.0
1330,1.0
1331,2.0
1332,9.0
1333,1.0
1334,2.0
1335,2.0
1336,2.0
1337,1.0
1338,2.0
1339,2.0
1340,4.0
1341,3.0
1342,10.0
1343,1.0
1344,2.0
1345,2.0
1346,2.0
1347,2.0
1348,2.0
1349,3.0
1350,5.0
1351,2.0
1352,2.0
1353,10.0
1354,3.0
1355,3.0
1356,2.0
1357,16.0
1358,3.0
1359,2.0
1360,3.0
1361,3.0
1362,34.0
1363,4.0
1364,3.0
1365,2.0
1366,1.0
1367,2.0
1368,4.0
1369,2.0
1370,3.0
1371,2.0
1372,3.0
1373,2.0
1374,3.0
1375,2.0
1376,4.0
1377,5.0
1378,1.0
1379,10.0
1380,4.0
1381,3.0
1382,2.0
1383,2.0
1384,2.0
1385,3.0
1386,3.0
1387,1.0
1388,2.0
1389,4.0
1390,4.0
1391,2.0
1392,4.0
1393,2.0
1394,2.0
1395,3.0
1396,2.0
1397,2.0
1398,4.0
1399,4.0
1400,2.0
1401,2.0
1402,2.0
1403,3.0
1404,3.0
1405,3.0
1406,4.0
1407,2.0
1408,2.0
1409,5.0
1410,32.0
1411,7.0
1412,4.0
1413,2.0
1414,3.0
1415,4.0
1416,12.0
1417,3.0
1418,2.0
1419,2.0
1420,5.0
1421,12.0
1422,
1423,
1424,4.0
1425,8.0
1426,27.0
1427,28.0
1428,25.0
1429,27.0
1430,9.0
1431,11.0
1432,1.0
1433,17.0
1434,21.0
1435,15.0
1436,18.0
1437,28.0
1438,7.0
1439,16.0
1440,10.0
1441,23.0
1442,12.0
1443,2.0
1444,
1445,
1446,
1447,
1448,
1449,
1450,
1451,
1452,
1453,
1454,
1455,
1456,
1457,
1458,9.0
1459,29.0
1460,10.0
1461,4.0
1462,1.0
1463,29.0
1464,13.0
1465,10.0
1466,30.0
1467,30.0
1468,30.0
1469,20.0
1470,17.0
1471,5.0
1472,4.0
1473,27.0
1474,16.0
1475,30.0
1476,23.0
1477,23.0
1478,18.0
1479,1.0
1480,26.0
1481,14.0
1482,2.0
1483,15.0
1484,1.0
1485,17.0
1486,1.0
1487,20.0
1488,24.0
1489,1.0
1490,2.0
1491,10.0
1492,1.0
1493,20.0
1494,2.0
1495,30.0
1496,3.0
1497,22.0
1498,1.0
1499,24.0
1500,27.0
1501,22.0
1502,30.0
1503,27.0
1504,6.0
1505,6.0
1506,13.0
1507,18.0
1508,30.0
1509,30.0
1510,29.0
1511,30.0
1512,19.0
1513,23.0
1514,8.0
1515,11.0
1516,6.0
1517,30.0
1518,25.0
1519,15.0
1520,25.0
1521,2.0
1522,17.0
1523,12.0
1524,28.0
1525,30.0
1526,18.0
1527,22.0
1528,30.0
1529,24.0
1530,7.0
1531,11.0
1532,1.0
1533,30.0
1534,26.0
1535,24.0
1536,1.0
1537,1.0
1538,26.0
1539,22.0
1540,30.0
1541,28.0
1542,4.0
1543,23.0
1544,10.0
1545,19.0
1546,24.0
1547,14.0
1548,20.0
1549,12.0
1550,10.0
1551,20.0
1552,20.0
1553,12.0
1554,20.0
1555,16.0
1556,24.0
1557,17.0
1558,26.0
1559,30.0
1560,20.0
1561,1.0
1562,20.0
1563,10.0
1564,12.0
1565,10.0
1566,5.0
1567,1.0
1568,6.0
1569,6.0
1570,6.0
1571,
1572,
1573,
1574,
1575,
1576,
1577,20.0
1578,19.0
1579,6.0
1580,18.0
1581,23.0
1582,30.0
1583,6.0
1584,10.0
1585,20.0
1586,12.0
1587,29.0
1588,10.0
1589,12.0
1590,13.0
1591,2.0
1592,5.0
1593,
1594,
1595,
1596,
1597,
1598,
1599,
1600,
1601,
1602,
1603,
1604,
1605,
1606,
1607,
1608,
1609,
1610,
1611,
1612,
1613,
1614,
1615,
1616,
1617,
1618,
1619,
1620,
1621,
1622,11.0
1623,5.0
1624,24.0
1625,12.0
1626,17.0
1627,11.0
1628,19.0
1629,13.0
1630,5.0
1631,80.0
1632,25.0
1633,10.0
1634,30.0
1635,10.0
1636,4.0
1637,8.0
1638,2.0
1639,19.0
1640,15.0
1641,28.0
1642,18.0
1643,1.0
1644,25.0
1645,30.0
1646,22.0
1647,17.0
1648,1.0
1649,30.0
1650,1.0
1651,8.0
1652,30.0
1653,1.0
1654,24.0
1655,24.0
1656,22.0
1657,1.0
1658,10.0
1659,13.0
1660,19.0
1661,22.0
1662,5.0
1663,3.0
1664,18.0
1665,26.0
1666,11.0
1667,25.0
1668,9.0
1669,1.0
1670,25.0
1671,1.0
1672,23.0
1673,16.0
1674,30.0
1675,7.0
1676,26.0
1677,21.0
1678,25.0
1679,15.0
1680,30.0
1681,30.0
1682,1.0
1683,16.0
1684,23.0
1685,1.0
1686,1.0
1687,11.0
1688,14.0
1689,30.0
1690,30.0
1691,1.0
1692,1.0
1693,14.0
1694,26.0
1695,14.0
1696,30.0
1697,12.0
1698,30.0
1699,28.0
1700,21.0
1701,6.0
1702,29.0
1703,1.0
1704,19.0
1705,3.0
1706,1.0
1707,30.0
1708,8.0
1709,1.0
1710,7.0
1711,1.0
1712,12.0
1713,27.0
1714,13.0
1715,23.0
1716,8.0
1717,4.0
1718,11.0
1719,25.0
1720,23.0
1721,21.0
1722,9.0
1723,1.0
1724,14.0
1725,16.0
1726,30.0
1727,10.0
1728,16.0
1729,9.0
1730,13.0
1731,21.0
1732,9.0
1733,17.0
1734,11.0
1735,16.0
1736,30.0
1737,1.0
1738,30.0
1739,30.0
1740,30.0
1741,30.0
1742,5.0
1743,10.0
1744,1.0
1745,1.0
1746,17.0
1747,30.0
1748,1.0
1749,21.0
1750,8.0
1751,20.0
1752,16.0
1753,1.0
1754,8.0
1755,11.0
1756,1.0
1757,1.0
1758,2.0
1759,4.0
1760,30.0
1761,4.0
1762,9.0
1763,30.0
1764,14.0
1765,1.0
1766,2.0
1767,3.0
1768,68.0
1769,2.0
1770,1.0
1771,4.0
1772,1.0
1773,2.0
1774,1.0
1775,2.0
1776,2.0
1777,2.0
1778,1.0
1779,4.0
1780,5.0
1781,2.0
1782,2.0
1783,3.0
1784,5.0
1785,2.0
1786,2.0
1787,2.0
1788,1.0
1789,2.0
1790,2.0
1791,4.0
1792,2.0
1793,13.0
1794,2.0
1795,2.0
1796,2.0
1797,1.0
1798,2.0
1799,5.0
1800,6.0
1801,3.0
1802,1.0
1803,3.0
1804,2.0
1805,8.0
1806,
1807,8.0
1808,
1809,
1810,
1811,
1812,
1813,19.0
1814,9.0
1815,28.0
1816,17.0
1817,1.0
1818,13.0
1819,13.0
1820,3.0
1821,3.0
1822,4.0
1823,2.0
1824,5.0
1825,
1826,
1827,
1828,
1829,
1830,
1831,
1832,6.0
1833,29.0
1834,1.0
1835,1.0
1836,10.0
1837,1.0
1838,21.0
1839,30.0
1840,4.0
1841,28.0
1842,1.0
1843,19.0
1844,1.0
1845,7.0
1846,1.0
1847,16.0
1848,26.0
1849,3.0
1850,1.0
1851,9.0
1852,16.0
1853,1.0
1854,11.0
1855,8.0
1856,9.0
1857,8.0
1858,10.0
1859,16.0
1860,20.0
1861,11.0
1862,1.0
1863,28.0
1864,30.0
1865,9.0
1866,30.0
1867,28.0
1868,5.0
1869,5.0
1870,18.0
1871,8.0
1872,6.0
1873,15.0
1874,10.0
1875,30.0
1876,110.0
1877,13.0
1878,18.0
1879,46.0
1880,25.0
1881,30.0
1882,30.0
1883,19.0
1884,9.0
1885,7.0
1886,1.0
1887,30.0
1888,9.0
1889,24.0
1890,11.0
1891,6.0
1892,
1893,16.0
1894,20.0
1895,5.0
1896,2.0
1897,2.0
1898,2.0
1899,2.0
1900,8.0
1901,2.0
1902,6.0
1903,5.0
1904,2.0
1905,
1906,26.0
1907,30.0
1908,1.0
1909,30.0
1910,17.0
1911,23.0
1912,9.0
1913,23.0
1914,13.0
1915,18.0
1916,1.0
1917,21.0
1918,13.0
1919,15.0
1920,6.0
1921,8.0
1922,7.0
1923,5.0
1924,5.0
1925,5.0
1926,
1927,18.0
1928,6.0
1929,23.0
1930,19.0
1931,8.0
1932,1.0
1933,20.0
1934,11.0
1935,1.0
1936,10.0
1937,22.0
1938,23.0
1939,28.0
1940,30.0
1941,23.0
1942,25.0
1943,1.0
1944,21.0
1945,30.0
1946,9.0
1947,19.0
1948,11.0
1949,1.0
1950,18.0
1951,1.0
1952,22.0
1953,13.0
1954,14.0
1955,29.0
1956,1.0
1957,15.0
1958,18.0
1959,1.0
1960,21.0
1961,9.0
1962,4.0
1963,6.0
1964,
1965,
1966,10.0
1967,18.0
1968,3.0
1969,27.0
1970,30.0
1971,1.0
1972,1.0
1973,9.0
1974,10.0
1975,26.0
1976,21.0
1977,21.0
1978,5.0
1979,17.0
1980,15.0
1981,
1982,
1983,
1984,
1985,
1986,21.0
1987,16.0
1988,16.0
1989,19.0
1990,25.0
1991,1.0
1992,20.0
1993,16.0
1994,20.0
1995,1.0
1996,
1997,
1998,
1999,
2000,
2001,
2002,
2003,11.0
2004,9.0
2005,14.0
2006,13.0
2007,5.0
2008,5.0
2009,6.0
2010,12.0
2011,7.0
2012,29.0
2013,30.0
2014,8.0
2015,20.0
2016,20.0
2017,7.0
2018,25.0
2019,13.0
2020,10.0
2021,2.0
2022,3.0
2023,18.0
2024,2.0
2025,2.0
2026,1.0
2027,3.0
2028,4.0
2029,3.0
2030,18.0
2031,2.0
2032,2.0
2033,7.0
2034,2.0
2035,2.0
2036,2.0
2037,2.0
2038,2.0
2039,
2040,
2041,
2042,
2043,
2044,
2045,6.0
2046,9.0
2047,13.0
2048,23.0
2049,30.0
2050,8.0
2051,13.0
2052,30.0
2053,8.0
2054,25.0
2055,8.0
2056,16.0
2057,30.0
2058,29.0
2059,12.0
2060,30.0
2061,6.0
2062,20.0
2063,10.0
2064,7.0
2065,7.0
2066,4.0
2067,3.0
2068,3.0
2069,1.0
2070,3.0
2071,2.0
2072,1.0
2073,2.0
2074,5.0
2075,1.0
2076,3.0
2077,9.0
2078,1.0
2079,
2080,
2081,
2082,
2083,
2084,
2085,
2086,
2087,
2088,
2089,
2090,
2091,6.0
2092,7.0
2093,45.0
2094,21.0
2095,1.0
2096,25.0
2097,20.0
2098,17.0
2099,1.0
2100,19.0
2101,1.0
2102,25.0
2103,29.0
2104,13.0
2105,17.0
2106,10.0
2107,6.0
2108,12.0
2109,1.0
2110,27.0
2111,24.0
2112,21.0
2113,30.0
2114,30.0
2115,19.0
2116,21.0
2117,11.0
2118,4.0
2119,1.0
2120,30.0
2121,15.0
2122,26.0
2123,26.0
2124,12.0
2125,25.0
2126,27.0
2127,30.0
2128,4.0
2129,19.0
2130,30.0
2131,22.0
2132,15.0
2133,12.0
2134,3.0
2135,26.0
2136,24.0
2137,27.0
2138,1.0
2139,17.0
2140,31.0
2141,20.0
2142,9.0
2143,10.0
2144,4.0
2145,
2146,4.0
2147,28.0
2148,13.0
2149,27.0
2150,1.0
2151,12.0
2152,19.0
2153,26.0
2154,23.0
2155,29.0
2156,20.0
2157,6.0
2158,22.0
2159,30.0
2160,22.0
2161,19.0
2162,25.0
2163,13.0
2164,29.0
2165,21.0
2166,27.0
2167,12.0
2168,1.0
2169,20.0
2170,25.0
2171,22.0
2172,22.0
2173,30.0
2174,19.0
2175,21.0
2176,26.0
2177,30.0
2178,30.0
2179,26.0
2180,4.0
2181,1.0
2182,25.0
2183,14.0
2184,1.0
2185,3.0
2186,12.0
2187,25.0
2188,20.0
2189,15.0
2190,6.0
2191,1.0
2192,2.0
2193,1.0
2194,29.0
2195,30.0
2196,30.0
2197,9.0
2198,19.0
2199,20.0
2200,21.0
2201,21.0
2202,22.0
2203,22.0
2204,27.0
2205,22.0
2206,2.0
2207,4.0
2208,
2209,1.0
2210,
2211,
2212,
2213,
2214,
2215,5.0
2216,10.0
2217,21.0
2218,24.0
2219,30.0
2220,25.0
2221,20.0
2222,22.0
2223,25.0
2224,21.0
2225,21.0
2226,29.0
2227,8.0
2228,23.0
2229,5.0
2230,1.0
2231,9.0
2232,7.0
2233,26.0
2234,12.0
2235,7.0
2236,
2237,
2238,
2239,
2240,
2241,
2242,
2243,
2244,
2245,
2246,
2247,
2248,15.0
2249,11.0
2250,15.0
2251,1.0
2252,1.0
2253,1.0
2254,6.0
2255,4.0
2256,19.0
2257,33.0
2258,28.0
2259,2.0
2260,5.0
2261,22.0
2262,3.0
2263,2.0
2264,2.0
2265,2.0
2266,5.0
2267,2.0
2268,2.0
2269,2.0
2270,2.0
2271,2.0
2272,2.0
2273,3.0
2274,2.0
2275,2.0
2276,5.0
2277,5.0
2278,2.0
2279,2.0
2280,2.0
2281,2.0
2282,2.0
2283,2.0
2284,2.0
2285,2.0
2286,2.0
2287,2.0
2288,2.0
2289,2.0
2290,2.0
2291,2.0
2292,8.0
2293,2.0
2294,1.0
2295,15.0
2296,5.0
2297,
2298,
2299,30.0
2300,30.0
2301,25.0
2302,15.0
2303,30.0
2304,10.0
2305,12.0
2306,29.0
2307,
2308,1.0
2309,10.0
2310,18.0
2311,19.0
2312,24.0
2313,20.0
2314,1.0
2315,22.0
2316,30.0
2317,22.0
2318,29.0
2319,19.0
2320,19.0
2321,9.0
2322,20.0
2323,1.0
2324,1.0
2325,7.0
2326,12.0
2327,5.0
2328,22.0
2329,
2330,24.0
2331,39.0
2332,
2333,
2334,
2335,
2336,
2337,
2338,36.0
2339,20.0
2340,1.0
2341,23.0
2342,11.0
2343,6.0
2344,26.0
2345,17.0
2346,19.0
2347,9.0
2348,14.0
2349,12.0
2350,8.0
2351,3.0
2352,8.0
2353,9.0
2354,1.0
2355,12.0
2356,9.0
2357,22.0
2358,7.0
2359,26.0
2360,15.0
2361,2.0
2362,2.0
2363,7.0
2364,10.0
2365,10.0
2366,8.0
2367,18.0
2368,6.0
2369,15.0
2370,3.0
2371,2.0
2372,9.0
2373,11.0
2374,8.0
2375,4.0
2376,19.0
2377,4.0
2378,6.0
2379,3.0
2380,3.0
2381,2.0
2382,3.0
2383,1.0
2384,3.0
2385,3.0
2386,4.0
2387,3.0
2388,3.0
2389,2.0
2390,5.0
2391,3.0
2392,
2393,
2394,
2395,
2396,
2397,
2398,
2399,
2400,
2401,
2402,
2403,
2404,
2405,
2406,
2407,
2408,
2409,
2410,
2411,
2412,
2413,
2414,
2415,
2416,
2417,
2418,
2419,
2420,
2421,
2422,
2423,
2424,
2425,
2426,
2427,
2428,
2429,
2430,5.0
2431,14.0
2432,11.0
2433,29.0
2434,15.0
2435,18.0
2436,112.0
2437,1.0
2438,12.0
2439,1.0
2440,9.0
2441,18.0
2442,13.0
2443,30.0
2444,14.0
2445,1.0
2446,16.0
2447,30.0
2448,30.0
2449,18.0
2450,1.0
2451,11.0
2452,21.0
2453,12.0
2454,1.0
2455,13.0
2456,5.0
2457,18.0
2458,6.0
2459,1.0
2460,20.0
2461,13.0
2462,21.0
2463,30.0
2464,14.0
2465,1.0
2466,19.0
2467,10.0
2468,8.0
2469,17.0
2470,30.0
2471,1.0
2472,1.0
2473,15.0
2474,1.0
2475,19.0
2476,21.0
2477,11.0
2478,24.0
2479,1.0
2480,1.0
2481,17.0
2482,18.0
2483,25.0
2484,29.0
2485,30.0
2486,30.0
2487,3.0
2488,2.0
2489,1.0
2490,12.0
2491,1.0
2492,6.0
2493,20.0
2494,20.0
2495,20.0
2496,2.0
2497,1.0
2498,1.0
2499,1.0
2500,15.0
2501,10.0
2502,1.0
2503,8.0
2504,10.0
2505,26.0
2506,13.0
2507,13.0
2508,12.0
2509,21.0
2510,62.0
2511,9.0
2512,20.0
2513,9.0
2514,25.0
2515,8.0
2516,10.0
2517,1.0
2518,14.0
2519,5.0
2520,3.0
2521,1.0
2522,5.0
2523,5.0
2524,2.0
2525,2.0
2526,3.0
2527,3.0
2528,1.0
2529,2.0
2530,2.0
2531,2.0
2532,
2533,
2534,
2535,
2536,
2537,
2538,
2539,14.0
2540,10.0
2541,27.0
2542,18.0
2543,18.0
2544,1.0
2545,8.0
2546,29.0
2547,29.0
2548,15.0
2549,20.0
2550,6.0
2551,14.0
2552,1.0
2553,14.0
2554,1.0
2555,8.0
2556,6.0
2557,22.0
2558,16.0
2559,18.0
2560,15.0
2561,7.0
2562,17.0
2563,27.0
2564,1.0
2565,28.0
2566,21.0
2567,25.0
2568,7.0
2569,6.0
2570,7.0
2571,
2572,
2573,
2574,
2575,2.0
2576,23.0
2577,1.0
2578,16.0
2579,24.0
2580,13.0
2581,22.0
2582,7.0
2583,9.0
2584,1.0
2585,1.0
2586,18.0
2587,1.0
2588,1.0
2589,1.0
2590,17.0
2591,20.0
2592,24.0
2593,10.0
2594,1.0
2595,18.0
2596,23.0
2597,1.0
2598,11.0
2599,10.0
2600,27.0
2601,10.0
2602,24.0
2603,18.0
2604,20.0
2605,1.0
2606,6.0
2607,1.0
2608,15.0
2609,9.0
2610,10.0
2611,7.0
2612,13.0
2613,3.0
2614,10.0
2615,
2616,18.0
2617,21.0
2618,19.0
2619,18.0
2620,19.0
2621,10.0
2622,1.0
2623,10.0
2624,11.0
2625,2.0
2626,2.0
2627,6.0
2628,14.0
2629,29.0
2630,6.0
2631,15.0
2632,
2633,26.0
2634,19.0
2635,14.0
2636,30.0
2637,30.0
2638,1.0
2639,17.0
2640,2.0
2641,3.0
2642,
2643,
2644,
2645,
2646,
2647,
2648,19.0
2649,16.0
2650,28.0
2651,30.0
2652,1.0
2653,12.0
2654,13.0
2655,21.0
2656,30.0
2657,1.0
2658,9.0
2659,4.0
2660,20.0
2661,1.0
2662,7.0
2663,13.0
2664,1.0
2665,1.0
2666,6.0
2667,6.0
2668,5.0
2669,13.0
2670,3.0
2671,2.0
2672,1.0
2673,3.0
2674,
2675,
2676,
2677,
2678,
2679,23.0
2680,21.0
2681,28.0
2682,7.0
2683,9.0
2684,28.0
2685,6.0
2686,23.0
2687,27.0
2688,6.0
2689,26.0
2690,7.0
2691,8.0
2692,30.0
2693,25.0
2694,1.0
2695,7.0
2696,8.0
2697,1.0
2698,28.0
2699,15.0
2700,11.0
2701,9.0
2702,12.0
2703,24.0
2704,3.0
2705,2.0
2706,2.0
2707,2.0
2708,4.0
2709,1.0
2710,8.0
2711,30.0
2712,1.0
2713,27.0
2714,1.0
2715,2.0
2716,30.0
2717,1.0
2718,18.0
2719,30.0
2720,30.0
2721,16.0
2722,23.0
2723,
2724,11.0
2725,22.0
2726,1.0
2727,4.0
2728,30.0
2729,7.0
2730,32.0
2731,22.0
2732,19.0
2733,
2734,
2735,
2736,
2737,
2738,
2739,
2740,
2741,
2742,
2743,
2744,15.0
2745,23.0
2746,19.0
2747,4.0
2748,1.0
2749,25.0
2750,14.0
2751,30.0
2752,1.0
2753,19.0
2754,20.0
2755,19.0
2756,24.0
2757,21.0
2758,1.0
2759,8.0
2760,6.0
2761,1.0
2762,9.0
2763,27.0
2764,3.0
2765,3.0
2766,2.0
2767,
2768,
2769,
2770,
2771,
2772,
2773,
2774,
2775,
2776,
2777,
2778,
2779,
2780,
2781,
2782,14.0
2783,4.0
2784,29.0
2785,30.0
2786,17.0
2787,18.0
2788,18.0
2789,20.0
2790,12.0
2791,21.0
2792,21.0
2793,17.0
2794,17.0
2795,29.0
2796,19.0
2797,8.0
2798,5.0
2799,30.0
2800,11.0
2801,15.0
2802,24.0
2803,13.0
2804,18.0
2805,29.0
2806,1.0
2807,13.0
2808,24.0
2809,29.0
2810,1.0
2811,28.0
2812,30.0
2813,29.0
2814,15.0
2815,14.0
2816,1.0
2817,20.0
2818,20.0
2819,6.0
2820,56.0
2821,28.0
2822,8.0
2823,14.0
2824,4.0
2825,12.0
2826,1.0
2827,26.0
2828,10.0
2829,10.0
2830,10.0
2831,7.0
2832,4.0
2833,7.0
2834,2.0
2835,2.0
2836,2.0
2837,2.0
2838,
2839,
2840,
2841,
2842,
2843,28.0
2844,9.0
2845,20.0
2846,21.0
2847,18.0
2848,27.0
2849,17.0
2850,30.0
2851,24.0
2852,30.0
2853,12.0
2854,13.0
2855,7.0
2856,18.0
2857,
2858,
2859,
2860,
2861,
2862,
2863,
2864,
2865,
2866,
2867,
2868,
2869,
2870,
2871,
2872,
2873,
2874,
2875,
2876,
2877,
2878,
2879,
2880,
2881,
2882,
2883,
2884,
2885,
2886,
2887,
2888,
2889,
2890,
2891,
2892,
2893,
2894,
2895,
2896,
2897,
2898,21.0
2899,17.0
2900,12.0
2901,19.0
2902,24.0
2903,3.0
2904,20.0
2905,28.0
2906,32.0
2907,29.0
2908,17.0
2909,28.0
2910,1.0
2911,27.0
2912,30.0
2913,22.0
2914,28.0
2915,15.0
2916,21.0
2917,13.0
2918,19.0
2919,22.0
2920,11.0
2921,9.0
2922,29.0
2923,1.0
2924,29.0
2925,12.0
2926,15.0
2927,21.0
2928,27.0
2929,22.0
2930,23.0
2931,18.0
2932,30.0
2933,11.0
2934,1.0
2935,8.0
2936,30.0
2937,14.0
2938,15.0
2939,30.0
2940,16.0
2941,28.0
2942,30.0
2943,2.0
2944,12.0
2945,30.0
2946,24.0
2947,1.0
2948,18.0
2949,30.0
2950,8.0
2951,14.0
2952,25.0
2953,1.0
2954,12.0
2955,6.0
2956,20.0
2957,24.0
2958,30.0
2959,29.0
2960,16.0
2961,20.0
2962,11.0
2963,12.0
2964,29.0
2965,23.0
2966,15.0
2967,30.0
2968,17.0
2969,30.0
2970,27.0
2971,1.0
2972,19.0
2973,24.0
2974,10.0
2975,13.0
2976,21.0
2977,17.0
2978,23.0
2979,1.0
2980,23.0
2981,17.0
2982,30.0
2983,30.0
2984,1.0
2985,29.0
2986,1.0
2987,23.0
2988,1.0
2989,25.0
2990,1.0
2991,25.0
2992,24.0
2993,18.0
2994,29.0
2995,13.0
2996,21.0
2997,1.0
2998,27.0
2999,6.0
3000,25.0
3001,28.0
3002,22.0
3003,14.0
3004,22.0
3005,28.0
3006,1.0
3007,30.0
3008,29.0
3009,30.0
3010,20.0
3011,29.0
3012,17.0
3013,15.0
3014,20.0
3015,20.0
3016,20.0
3017,20.0
3018,10.0
3019,18.0
3020,1.0
3021,86.0
3022,18.0
3023,22.0
3024,30.0
3025,29.0
3026,20.0
3027,2.0
3028,3.0
3029,7.0
3030,8.0
3031,13.0
3032,10.0
3033,4.0
3034,2.0
3035,10.0
3036,3.0
3037,1.0
3038,2.0
3039,2.0
3040,1.0
3041,6.0
3042,7.0
3043,2.0
3044,
3045,
3046,
3047,
3048,
3049,
3050,
3051,
3052,
3053,
3054,
3055,
3056,
3057,
3058,
3059,
3060,
3061,
3062,
3063,
3064,
3065,
3066,
3067,
3068,
3069,
3070,
3071,
3072,
3073,1.0
3074,33.0
3075,28.0
3076,19.0
3077,96.0
3078,6.0
3079,15.0
3080,27.0
3081,28.0
3082,2.0
3083,18.0
3084,28.0
3085,4.0
3086,30.0
3087,29.0
3088,29.0
3089,17.0
3090,1.0
3091,28.0
3092,1.0
3093,14.0
3094,30.0
3095,22.0
3096,7.0
3097,21.0
3098,1.0
3099,28.0
3100,27.0
3101,16.0
3102,20.0
3103,14.0
3104,1.0
3105,1.0
3106,1.0
3107,24.0
3108,30.0
3109,30.0
3110,30.0
3111,9.0
3112,30.0
3113,11.0
3114,1.0
3115,7.0
3116,18.0
3117,8.0
3118,3.0
3119,12.0
3120,30.0
3121,15.0
3122,1.0
3123,17.0
3124,1.0
3125,6.0
3126,1.0
3127,14.0
3128,1.0
3129,1.0
3130,8.0
3131,20.0
3132,30.0
3133,1.0
3134,1.0
3135,19.0
3136,26.0
3137,22.0
3138,17.0
3139,9.0
3140,30.0
3141,25.0
3142,30.0
3143,21.0
3144,16.0
3145,25.0
3146,30.0
3147,28.0
3148,30.0
3149,27.0
3150,12.0
3151,17.0
3152,1.0
3153,22.0
3154,1.0
3155,3.0
3156,24.0
3157,20.0
3158,3.0
3159,20.0
3160,20.0
3161,11.0
3162,6.0
3163,30.0
3164,25.0
3165,1.0
3166,4.0
3167,5.0
3168,8.0
3169,8.0
3170,4.0
3171,11.0
3172,7.0
3173,6.0
3174,17.0
3175,3.0
3176,49.0
3177,4.0
3178,1.0
3179,6.0
3180,8.0
3181,7.0
3182,24.0
3183,8.0
3184,28.0
3185,11.0
3186,6.0
3187,6.0
3188,9.0
3189,10.0
3190,7.0
3191,6.0
3192,3.0
3193,13.0
3194,3.0
3195,2.0
3196,2.0
3197,2.0
3198,2.0
3199,2.0
3200,2.0
3201,2.0
3202,2.0
3203,2.0
3204,8.0
3205,9.0
3206,2.0
3207,5.0
3208,8.0
3209,2.0
3210,7.0
3211,2.0
3212,4.0
3213,4.0
3214,2.0
3215,2.0
3216,2.0
3217,2.0
3218,2.0
3219,2.0
3220,3.0
3221,2.0
3222,
3223,
3224,24.0
3225,16.0
3226,1.0
3227,
3228,
3229,
3230,
3231,
3232,
3233,4.0
3234,36.0
3235,10.0
3236,
3237,
3238,3.0
3239,
3240,
3241,
3242,
3243,
3244,
3245,3.0
3246,20.0
3247,1.0
3248,30.0
3249,6.0
3250,9.0
3251,1.0
3252,24.0
3253,23.0
3254,1.0
3255,3.0
3256,15.0
3257,1.0
3258,2.0
3259,3.0
3260,15.0
3261,17.0
3262,14.0
3263,13.0
3264,4.0
3265,3.0
3266,27.0
3267,
3268,28.0
3269,26.0
3270,15.0
3271,36.0
3272,
3273,
3274,
3275,
3276,
3277,
3278,
3279,
3280,
3281,
3282,
3283,
3284,
3285,
3286,
3287,
3288,
3289,
3290,
3291,
3292,
3293,
3294,
3295,
3296,
3297,
3298,
3299,
3300,
3301,
3302,
3303,36.0
3304,9.0
3305,5.0
3306,8.0
3307,6.0
3308,9.0
3309,27.0
3310,8.0
3311,23.0
3312,5.0
3313,1.0
3314,55.0
3315,33.0
3316,53.0
3317,42.0
3318,19.0
3319,14.0
3320,8.0
3321,30.0
3322,20.0
3323,30.0
3324,10.0
3325,28.0
3326,1.0
3327,21.0
3328,19.0
3329,30.0
3330,7.0
3331,19.0
3332,1.0
3333,1.0
3334,27.0
3335,18.0
3336,30.0
3337,11.0
3338,1.0
3339,19.0
3340,11.0
3341,30.0
3342,25.0
3343,14.0
3344,13.0
3345,20.0
3346,13.0
3347,9.0
3348,23.0
3349,5.0
3350,3.0
3351,22.0
3352,9.0
3353,3.0
3354,14.0
3355,30.0
3356,13.0
3357,12.0
3358,19.0
3359,20.0
3360,30.0
3361,30.0
3362,17.0
3363,1.0
3364,14.0
3365,7.0
3366,17.0
3367,3.0
3368,22.0
3369,22.0
3370,26.0
3371,1.0
3372,30.0
3373,1.0
3374,10.0
3375,19.0
3376,22.0
3377,11.0
3378,5.0
3379,1.0
3380,4.0
3381,8.0
3382,29.0
3383,22.0
3384,9.0
3385,30.0
3386,1.0
3387,23.0
3388,14.0
3389,1.0
3390,12.0
3391,5.0
3392,20.0
3393,6.0
3394,16.0
3395,5.0
3396,3.0
3397,20.0
3398,3.0
3399,16.0
3400,10.0
3401,20.0
3402,1.0
3403,11.0
3404,15.0
3405,8.0
3406,20.0
3407,5.0
3408,4.0
3409,19.0
3410,9.0
3411,20.0
3412,1.0
3413,20.0
3414,1.0
3415,1.0
3416,2.0
3417,24.0
3418,3.0
3419,9.0
3420,8.0
3421,16.0
3422,32.0
3423,6.0
3424,2.0
3425,1.0
3426,2.0
3427,18.0
3428,2.0
3429,2.0
3430,2.0
3431,4.0
3432,2.0
3433,2.0
3434,2.0
3435,2.0
3436,2.0
3437,2.0
3438,2.0
3439,2.0
3440,2.0
3441,4.0
3442,2.0
3443,2.0
3444,2.0
3445,3.0
3446,2.0
3447,2.0
3448,2.0
3449,2.0
3450,2.0
3451,1.0
3452,3.0
3453,1.0
3454,
3455,
3456,
3457,9.0
3458,20.0
3459,
3460,
3461,
3462,
3463,
3464,
3465,
3466,
3467,
3468,
3469,
3470,
3471,
3472,
3473,
3474,
3475,19.0
3476,15.0
3477,12.0
3478,6.0
3479,23.0
3480,21.0
3481,15.0
3482,29.0
3483,20.0
3484,8.0
3485,26.0
3486,30.0
3487,12.0
3488,24.0
3489,15.0
3490,12.0
3491,1.0
3492,27.0
3493,19.0
3494,21.0
3495,16.0
3496,29.0
3497,17.0
3498,9.0
3499,13.0
3500,7.0
3501,14.0
3502,14.0
3503,17.0
3504,14.0
3505,22.0
3506,17.0
3507,30.0
3508,12.0
3509,22.0
3510,1.0
3511,14.0
3512,1.0
3513,30.0
3514,25.0
3515,14.0
3516,7.0
3517,15.0
3518,30.0
3519,25.0
3520,20.0
3521,18.0
3522,9.0
3523,23.0
3524,30.0
3525,8.0
3526,16.0
3527,13.0
3528,22.0
3529,1.0
3530,11.0
3531,11.0
3532,14.0
3533,16.0
3534,4.0
3535,20.0
3536,15.0
3537,20.0
3538,9.0
3539,18.0
3540,18.0
3541,7.0
3542,20.0
3543,15.0
3544,17.0
3545,13.0
3546,20.0
3547,8.0
3548,12.0
3549,20.0
3550,20.0
3551,11.0
3552,29.0
3553,1.0
3554,18.0
3555,20.0
3556,28.0
3557,15.0
3558,71.0
3559,20.0
3560,18.0
3561,6.0
3562,
3563,
3564,
3565,
3566,
3567,
3568,
3569,
3570,
3571,
3572,
3573,
3574,
3575,
3576,
3577,
3578,
3579,
3580,
3581,
3582,
3583,
3584,
3585,
3586,
3587,
3588,
3589,
3590,
3591,
3592,13.0
3593,64.0
3594,25.0
3595,16.0
3596,5.0
3597,13.0
3598,28.0
3599,29.0
3600,16.0
3601,23.0
3602,1.0
3603,1.0
3604,16.0
3605,1.0
3606,21.0
3607,1.0
3608,14.0
3609,26.0
3610,30.0
3611,24.0
3612,26.0
3613,16.0
3614,21.0
3615,27.0
3616,11.0
3617,28.0
3618,18.0
3619,22.0
3620,16.0
3621,15.0
3622,12.0
3623,18.0
3624,19.0
3625,22.0
3626,17.0
3627,4.0
3628,14.0
3629,21.0
3630,1.0
3631,20.0
3632,20.0
3633,17.0
3634,1.0
3635,17.0
3636,19.0
3637,23.0
3638,6.0
3639,11.0
3640,20.0
3641,19.0
3642,5.0
3643,8.0
3644,8.0
3645,2.0
3646,6.0
3647,3.0
3648,17.0
3649,3.0
3650,26.0
3651,5.0
3652,3.0
3653,4.0
3654,3.0
3655,
3656,
3657,
3658,1.0
3659,3.0
3660,2.0
3661,
3662,
3663,11.0
3664,15.0
3665,19.0
3666,11.0
3667,10.0
3668,30.0
3669,30.0
3670,2.0
3671,28.0
3672,30.0
3673,30.0
3674,20.0
3675,22.0
3676,29.0
3677,1.0
3678,38.0
3679,
3680,
3681,
3682,
3683,
3684,
3685,
3686,14.0
3687,12.0
3688,3.0
3689,30.0
3690,1.0
3691,15.0
3692,1.0
3693,6.0
3694,1.0
3695,19.0
3696,13.0
3697,22.0
3698,1.0
3699,30.0
3700,5.0
3701,21.0
3702,4.0
3703,12.0
3704,3.0
3705,2.0
3706,1.0
3707,3.0
3708,2.0
3709,
3710,
3711,
3712,3.0
3713,14.0
3714,22.0
3715,7.0
3716,11.0
3717,7.0
3718,14.0
3719,28.0
3720,1.0
3721,8.0
3722,65.0
3723,2.0
3724,5.0
3725,3.0
3726,5.0
3727,2.0
3728,2.0
3729,4.0
3730,
3731,
3732,
3733,
3734,
3735,
3736,
3737,
3738,
3739,
3740,10.0
3741,6.0
3742,16.0
3743,24.0
3744,29.0
3745,23.0
3746,26.0
3747,17.0
3748,30.0
3749,25.0
3750,9.0
3751,25.0
3752,15.0
3753,2.0
3754,26.0
3755,21.0
3756,18.0
3757,30.0
3758,1.0
3759,29.0
3760,30.0
3761,20.0
3762,16.0
3763,1.0
3764,1.0
3765,18.0
3766,
3767,
3768,
3769,
3770,
3771,
3772,
3773,
3774,
3775,
3776,
3777,
3778,
3779,
3780,
3781,
3782,
3783,
3784,
3785,
3786,
3787,
3788,
3789,
3790,
3791,23.0
3792,16.0
3793,19.0
3794,12.0
3795,24.0
3796,15.0
3797,30.0
3798,19.0
3799,15.0
3800,6.0
3801,1.0
3802,12.0
3803,10.0
3804,11.0
3805,1.0
3806,24.0
3807,30.0
3808,1.0
3809,21.0
3810,14.0
3811,25.0
3812,16.0
3813,5.0
3814,1.0
3815,16.0
3816,1.0
3817,11.0
3818,27.0
3819,1.0
3820,24.0
3821,30.0
3822,1.0
3823,23.0
3824,1.0
3825,30.0
3826,19.0
3827,8.0
3828,30.0
3829,15.0
3830,7.0
3831,30.0
3832,28.0
3833,28.0
3834,12.0
3835,6.0
3836,23.0
3837,21.0
3838,19.0
3839,26.0
3840,18.0
3841,28.0
3842,28.0
3843,28.0
3844,24.0
3845,30.0
3846,25.0
3847,11.0
3848,14.0
3849,18.0
3850,18.0
3851,23.0
3852,12.0
3853,12.0
3854,1.0
3855,1.0
3856,14.0
3857,1.0
3858,23.0
3859,4.0
3860,1.0
3861,30.0
3862,28.0
3863,30.0
3864,28.0
3865,1.0
3866,14.0
3867,30.0
3868,24.0
3869,23.0
3870,1.0
3871,25.0
3872,13.0
3873,1.0
3874,28.0
3875,15.0
3876,20.0
3877,15.0
3878,19.0
3879,37.0
3880,1.0
3881,1.0
3882,17.0
3883,14.0
3884,7.0
3885,5.0
3886,6.0
3887,9.0
3888,8.0
3889,4.0
3890,4.0
3891,
3892,27.0
3893,26.0
3894,16.0
3895,
3896,
3897,
3898,
3899,
3900,
3901,1.0
3902,10.0
3903,9.0
3904,1.0
3905,20.0
3906,11.0
3907,5.0
3908,13.0
3909,1.0
3910,30.0
3911,8.0
3912,28.0
3913,1.0
3914,10.0
3915,20.0
3916,1.0
3917,1.0
3918,22.0
3919,
3920,
3921,
3922,
3923,
3924,
3925,
3926,
3927,
3928,
3929,
3930,
3931,
3932,
3933,
3934,
3935,
3936,
3937,
3938,7.0
3939,21.0
3940,5.0
3941,14.0
3942,1.0
3943,1.0
3944,30.0
3945,1.0
3946,1.0
3947,8.0
3948,1.0
3949,15.0
3950,15.0
3951,5.0
3952,12.0
3953,32.0
3954,7.0
3955,13.0
3956,28.0
3957,14.0
3958,2.0
3959,9.0
3960,3.0
3961,10.0
3962,9.0
3963,1.0
3964,2.0
3965,3.0
3966,20.0
3967,15.0
3968,3.0
3969,2.0
3970,2.0
3971,18.0
3972,3.0
3973,3.0
3974,2.0
3975,2.0
3976,3.0
3977,3.0
3978,2.0
3979,2.0
3980,2.0
3981,2.0
3982,2.0
3983,3.0
3984,2.0
3985,2.0
3986,
3987,
3988,
3989,
3990,
3991,
3992,6.0
3993,25.0
3994,11.0
3995,16.0
3996,19.0
3997,11.0
3998,1.0
3999,4.0
4000,2.0
4001,2.0
4002,4.0
4003,5.0
4004,4.0
4005,
4006,
4007,
4008,
4009,28.0
4010,18.0
4011,16.0
4012,26.0
4013,41.0
4014,4.0
4015,
4016,14.0
4017,22.0
4018,11.0
4019,11.0
4020,6.0
4021,8.0
4022,14.0
4023,1.0
4024,17.0
4025,1.0
4026,18.0
4027,22.0
4028,5.0
4029,3.0
4030,20.0
4031,12.0
4032,27.0
4033,15.0
4034,1.0
4035,2.0
4036,2.0
4037,2.0
4038,2.0
4039,2.0
4040,2.0
4041,2.0
4042,2.0
4043,6.0
4044,8.0
4045,11.0
4046,13.0
4047,26.0
4048,1.0
4049,21.0
4050,25.0
4051,30.0
4052,14.0
4053,23.0
4054,7.0
4055,4.0
4056,28.0
4057,19.0
4058,30.0
4059,23.0
4060,26.0
4061,30.0
4062,1.0
4063,16.0
4064,4.0
4065,4.0
4066,4.0
4067,15.0
4068,3.0
4069,2.0
4070,4.0
4071,5.0
4072,1.0
4073,2.0
4074,2.0
4075,2.0
4076,2.0
4077,2.0
4078,2.0
4079,1.0
4080,
4081,
4082,
4083,
4084,
4085,
4086,
4087,
4088,
4089,22.0
4090,19.0
4091,30.0
4092,5.0
4093,23.0
4094,26.0
4095,1.0
4096,30.0
4097,19.0
4098,13.0
4099,11.0
4100,5.0
4101,26.0
4102,30.0
4103,1.0
4104,10.0
4105,25.0
4106,29.0
4107,1.0
4108,27.0
4109,29.0
4110,1.0
4111,1.0
4112,8.0
4113,14.0
4114,29.0
4115,29.0
4116,13.0
4117,1.0
4118,4.0
4119,23.0
4120,24.0
4121,20.0
4122,15.0
4123,16.0
4124,28.0
4125,14.0
4126,23.0
4127,4.0
4128,20.0
4129,1.0
4130,9.0
4131,1.0
4132,21.0
4133,8.0
4134,6.0
4135,1.0
4136,
4137,8.0
4138,3.0
4139,
4140,
4141,
4142,
4143,
4144,33.0
4145,12.0
4146,27.0
4147,13.0
4148,22.0
4149,27.0
4150,1.0
4151,17.0
4152,24.0
4153,8.0
4154,3.0
4155,7.0
4156,7.0
4157,2.0
4158,3.0
4159,38.0
4160,3.0
4161,
4162,
4163,29.0
4164,7.0
4165,5.0
4166,7.0
4167,4.0
4168,2.0
4169,
4170,
4171,
4172,
4173,
4174,
4175,21.0
4176,1.0
4177,21.0
4178,16.0
4179,11.0
4180,25.0
4181,20.0
4182,40.0
4183,2.0
4184,15.0
4185,37.0
4186,8.0
4187,
4188,
4189,
4190,
4191,
4192,
4193,
4194,9.0
4195,16.0
4196,16.0
4197,16.0
4198,2.0
4199,5.0
4200,8.0
4201,
4202,
4203,
4204,
4205,
4206,
4207,
4208,
4209,
4210,
4211,
4212,
4213,
4214,
4215,
4216,
4217,
4218,
4219,
4220,
4221,
4222,
4223,
4224,
4225,
4226,
4227,
4228,
4229,
4230,
4231,
4232,
4233,
4234,
4235,
4236,
4237,
4238,
4239,
4240,
4241,
4242,
4243,11.0
4244,3.0
4245,11.0
4246,20.0
4247,33.0
4248,36.0
4249,1.0
4250,14.0
4251,30.0
4252,15.0
4253,13.0
4254,30.0
4255,27.0
4256,1.0
4257,11.0
4258,11.0
4259,18.0
4260,4.0
4261,8.0
4262,19.0
4263,1.0
4264,30.0
4265,11.0
4266,27.0
4267,20.0
4268,29.0
4269,2.0
4270,12.0
4271,17.0
4272,12.0
4273,17.0
4274,19.0
4275,18.0
4276,28.0
4277,22.0
4278,10.0
4279,1.0
4280,30.0
4281,1.0
4282,1.0
4283,16.0
4284,23.0
4285,14.0
4286,1.0
4287,1.0
4288,1.0
4289,30.0
4290,30.0
4291,7.0
4292,26.0
4293,18.0
4294,20.0
4295,10.0
4296,14.0
4297,30.0
4298,1.0
4299,28.0
4300,11.0
4301,21.0
4302,11.0
4303,20.0
4304,13.0
4305,19.0
4306,16.0
4307,25.0
4308,17.0
4309,12.0
4310,4.0
4311,30.0
4312,10.0
4313,19.0
4314,5.0
4315,12.0
4316,16.0
4317,3.0
4318,8.0
4319,15.0
4320,8.0
4321,1.0
4322,35.0
4323,53.0
4324,38.0
4325,13.0
4326,7.0
4327,7.0
4328,7.0
4329,26.0
4330,20.0
4331,30.0
4332,20.0
4333,27.0
4334,15.0
4335,20.0
4336,18.0
4337,8.0
4338,9.0
4339,17.0
4340,4.0
4341,3.0
4342,14.0
4343,9.0
4344,4.0
4345,3.0
4346,4.0
4347,3.0
4348,3.0
4349,3.0
4350,28.0
4351,2.0
4352,2.0
4353,3.0
4354,2.0
4355,2.0
4356,3.0
4357,2.0
4358,2.0
4359,3.0
4360,
4361,
4362,
4363,
4364,3.0
4365,17.0
4366,25.0
4367,15.0
4368,
4369,
4370,
4371,
4372,
4373,
4374,
4375,12.0
4376,11.0
4377,26.0
4378,20.0
4379,21.0
4380,1.0
4381,7.0
4382,30.0
4383,1.0
4384,16.0
4385,10.0
4386,10.0
4387,2.0
4388,30.0
4389,9.0
4390,14.0
4391,20.0
4392,25.0
4393,23.0
4394,13.0
4395,24.0
4396,6.0
4397,7.0
4398,19.0
4399,20.0
4400,14.0
4401,16.0
4402,16.0
4403,1.0
4404,1.0
4405,19.0
4406,29.0
4407,6.0
4408,13.0
4409,1.0
4410,14.0
4411,1.0
4412,1.0
4413,12.0
4414,6.0
4415,6.0
4416,6.0
4417,3.0
4418,2.0
4419,4.0
4420,2.0
4421,
4422,
4423,
4424,26.0
4425,26.0
4426,30.0
4427,12.0
4428,9.0
4429,30.0
4430,8.0
4431,10.0
4432,8.0
4433,
4434,
4435,
4436,
4437,
4438,
4439,
4440,
4441,
4442,
4443,
4444,
4445,
4446,
4447,
4448,
4449,
4450,
4451,
4452,
4453,
4454,
4455,6.0
4456,16.0
4457,8.0
4458,8.0
4459,13.0
4460,28.0
4461,25.0
4462,30.0
4463,15.0
4464,26.0
4465,29.0
4466,1.0
4467,1.0
4468,20.0
4469,8.0
4470,13.0
4471,30.0
4472,12.0
4473,30.0
4474,15.0
4475,23.0
4476,7.0
4477,23.0
4478,22.0
4479,10.0
4480,1.0
4481,30.0
4482,19.0
4483,1.0
4484,28.0
4485,17.0
4486,30.0
4487,24.0
4488,1.0
4489,30.0
4490,10.0
4491,25.0
4492,12.0
4493,8.0
4494,9.0
4495,13.0
4496,23.0
4497,1.0
4498,30.0
4499,11.0
4500,5.0
4501,14.0
4502,16.0
4503,21.0
4504,2.0
4505,38.0
4506,33.0
4507,2.0
4508,1.0
4509,1.0
4510,1.0
4511,12.0
4512,9.0
4513,4.0
4514,3.0
4515,8.0
4516,2.0
4517,3.0
4518,1.0
4519,5.0
4520,2.0
4521,3.0
4522,
4523,
4524,
4525,
4526,
4527,16.0
4528,6.0
4529,
4530,
4531,
4532,
4533,
4534,
4535,
4536,
4537,
4538,
4539,
4540,7.0
4541,8.0
4542,1.0
4543,2.0
4544,29.0
4545,14.0
4546,10.0
4547,12.0
4548,11.0
4549,28.0
4550,14.0
4551,15.0
4552,10.0
4553,1.0
4554,3.0
4555,22.0
4556,20.0
4557,28.0
4558,1.0
4559,1.0
4560,17.0
4561,5.0
4562,4.0
4563,28.0
4564,16.0
4565,24.0
4566,5.0
4567,20.0
4568,28.0
4569,24.0
4570,12.0
4571,30.0
4572,30.0
4573,17.0
4574,6.0
4575,1.0
4576,9.0
4577,30.0
4578,25.0
4579,30.0
4580,1.0
4581,21.0
4582,15.0
4583,22.0
4584,30.0
4585,11.0
4586,17.0
4587,6.0
4588,30.0
4589,16.0
4590,19.0
4591,25.0
4592,5.0
4593,24.0
4594,28.0
4595,30.0
4596,3.0
4597,30.0
4598,1.0
4599,30.0
4600,1.0
4601,30.0
4602,30.0
4603,30.0
4604,10.0
4605,1.0
4606,21.0
4607,7.0
4608,10.0
4609,8.0
4610,21.0
4611,18.0
4612,30.0
4613,23.0
4614,30.0
4615,9.0
4616,1.0
4617,27.0
4618,16.0
4619,29.0
4620,4.0
4621,1.0
4622,30.0
4623,21.0
4624,24.0
4625,14.0
4626,19.0
4627,30.0
4628,21.0
4629,1.0
4630,23.0
4631,30.0
4632,26.0
4633,3.0
4634,1.0
4635,30.0
4636,1.0
4637,1.0
4638,1.0
4639,20.0
4640,13.0
4641,11.0
4642,20.0
4643,20.0
4644,20.0
4645,3.0
4646,26.0
4647,23.0
4648,24.0
4649,15.0
4650,10.0
4651,21.0
4652,13.0
4653,15.0
4654,1.0
4655,1.0
4656,2.0
4657,1.0
4658,1.0
4659,2.0
4660,3.0
4661,7.0
4662,2.0
4663,4.0
4664,2.0
4665,1.0
4666,1.0
4667,1.0
4668,1.0
4669,2.0
4670,
4671,
4672,
4673,
4674,
4675,19.0
4676,23.0
4677,25.0
4678,20.0
4679,1.0
4680,18.0
4681,30.0
4682,30.0
4683,25.0
4684,19.0
4685,7.0
4686,2.0
4687,1.0
4688,
4689,
4690,
4691,
4692,17.0
4693,15.0
4694,21.0
4695,30.0
4696,21.0
4697,30.0
4698,5.0
4699,12.0
4700,11.0
4701,7.0
4702,26.0
4703,26.0
4704,20.0
4705,20.0
4706,20.0
4707,24.0
4708,16.0
4709,30.0
4710,20.0
4711,26.0
4712,30.0
4713,2.0
4714,
4715,30.0
4716,29.0
4717,11.0
4718,1.0
4719,12.0
4720,2.0
4721,1.0
4722,15.0
4723,
4724,7.0
4725,1.0
4726,17.0
4727,19.0
4728,1.0
4729,30.0
4730,30.0
4731,1.0
4732,20.0
4733,30.0
4734,18.0
4735,1.0
4736,1.0
4737,8.0
4738,1.0
4739,30.0
4740,6.0
4741,16.0
4742,15.0
4743,16.0
4744,1.0
4745,20.0
4746,20.0
4747,
4748,
4749,
4750,18.0
4751,18.0
4752,4.0
4753,3.0
4754,3.0
4755,2.0
4756,3.0
4757,2.0
4758,2.0
4759,2.0
4760,3.0
4761,2.0
4762,9.0
4763,3.0
4764,3.0
4765,1.0
4766,3.0
4767,
4768,30.0
4769,24.0
4770,1.0
4771,12.0
4772,30.0
4773,29.0
4774,1.0
4775,28.0
4776,10.0
4777,27.0
4778,13.0
4779,7.0
4780,28.0
4781,18.0
4782,4.0
4783,
4784,22.0
4785,30.0
4786,25.0
4787,30.0
4788,17.0
4789,18.0
4790,8.0
4791,24.0
4792,1.0
4793,2.0
4794,8.0
4795,4.0
4796,2.0
4797,
4798,
4799,6.0
4800,23.0
4801,20.0
4802,11.0
4803,30.0
4804,11.0
4805,22.0
4806,20.0
4807,30.0
4808,16.0
4809,1.0
4810,30.0
4811,24.0
4812,20.0
4813,30.0
4814,19.0
4815,14.0
4816,5.0
4817,
4818,11.0
4819,6.0
4820,5.0
4821,1.0
4822,22.0
4823,25.0
4824,1.0
4825,18.0
4826,30.0
4827,15.0
4828,3.0
4829,1.0
4830,1.0
4831,1.0
4832,1.0
4833,27.0
4834,28.0
4835,18.0
4836,29.0
4837,27.0
4838,30.0
4839,30.0
4840,13.0
4841,1.0
4842,1.0
4843,19.0
4844,1.0
4845,20.0
4846,20.0
4847,3.0
4848,22.0
4849,1.0
4850,26.0
4851,18.0
4852,11.0
4853,16.0
4854,1.0
4855,3.0
4856,11.0
4857,
4858,
4859,
4860,
4861,
4862,
4863,
4864,
4865,
4866,
4867,
4868,
4869,8.0
4870,149.0
4871,30.0
4872,17.0
4873,1.0
4874,19.0
4875,18.0
4876,6.0
4877,7.0
4878,17.0
4879,13.0
4880,15.0
4881,19.0
4882,28.0
4883,1.0
4884,19.0
4885,10.0
4886,1.0
4887,18.0
4888,17.0
4889,1.0
4890,1.0
4891,22.0
4892,18.0
4893,30.0
4894,1.0
4895,27.0
4896,29.0
4897,1.0
4898,12.0
4899,18.0
4900,24.0
4901,5.0
4902,30.0
4903,21.0
4904,25.0
4905,13.0
4906,20.0
4907,24.0
4908,20.0
4909,22.0
4910,19.0
4911,13.0
4912,14.0
4913,19.0
4914,14.0
4915,29.0
4916,1.0
4917,1.0
4918,27.0
4919,7.0
4920,12.0
4921,27.0
4922,4.0
4923,19.0
4924,23.0
4925,20.0
4926,20.0
4927,23.0
4928,22.0
4929,16.0
4930,27.0
4931,28.0
4932,4.0
4933,32.0
4934,1.0
4935,
4936,14.0
4937,29.0
4938,1.0
4939,26.0
4940,1.0
4941,1.0
4942,1.0
4943,11.0
4944,1.0
4945,29.0
4946,9.0
4947,1.0
4948,3.0
4949,
4950,
4951,
4952,
4953,
4954,
4955,
4956,
4957,
4958,
4959,
4960,
4961,
4962,
4963,
4964,
4965,
4966,
4967,
4968,
4969,
4970,
4971,
4972,
4973,
4974,
4975,
4976,10.0
4977,15.0
4978,30.0
4979,16.0
4980,18.0
4981,17.0
4982,1.0
4983,28.0
4984,28.0
4985,1.0
4986,21.0
4987,23.0
4988,1.0
4989,29.0
4990,1.0
4991,2.0
4992,13.0
4993,1.0
4994,8.0
4995,29.0
4996,2.0
4997,18.0
4998,15.0
4999,16.0
5000,30.0
5001,18.0
5002,23.0
5003,24.0
5004,19.0
5005,19.0
5006,1.0
5007,29.0
5008,18.0
5009,20.0
5010,21.0
5011,6.0
5012,20.0
5013,13.0
5014,11.0
5015,6.0
5016,24.0
5017,4.0
5018,7.0
5019,2.0
5020,5.0
5021,
5022,
5023,
5024,
5025,
5026,
5027,
5028,
5029,
5030,
5031,5.0
5032,82.0
5033,8.0
5034,10.0
5035,29.0
5036,28.0
5037,28.0
5038,19.0
5039,21.0
5040,7.0
5041,14.0
5042,1.0
5043,7.0
5044,2.0
5045,2.0
5046,2.0
5047,2.0
5048,309.0
5049,2.0
5050,4.0
5051,18.0
5052,30.0
5053,20.0
5054,16.0
5055,24.0
5056,2.0
5057,
5058,2.0
5059,13.0
5060,28.0
5061,13.0
5062,27.0
5063,30.0
5064,17.0
5065,21.0
5066,9.0
5067,14.0
5068,30.0
5069,14.0
5070,27.0
5071,20.0
5072,1.0
5073,30.0
5074,8.0
5075,22.0
5076,28.0
5077,6.0
5078,17.0
5079,16.0
5080,30.0
5081,4.0
5082,30.0
5083,1.0
5084,29.0
5085,25.0
5086,25.0
5087,28.0
5088,30.0
5089,1.0
5090,1.0
5091,30.0
5092,21.0
5093,30.0
5094,20.0
5095,63.0
5096,28.0
5097,6.0
5098,5.0
5099,11.0
5100,4.0
5101,
5102,
5103,
5104,
5105,
5106,
5107,
5108,
5109,
5110,
5111,
5112,
5113,
5114,
5115,
5116,
5117,
5118,14.0
5119,15.0
5120,7.0
5121,7.0
5122,9.0
5123,26.0
5124,6.0
5125,18.0
5126,13.0
5127,17.0
5128,30.0
5129,20.0
5130,22.0
5131,23.0
5132,23.0
5133,15.0
5134,25.0
5135,30.0
5136,1.0
5137,14.0
5138,18.0
5139,24.0
5140,5.0
5141,30.0
5142,27.0
5143,12.0
5144,18.0
5145,7.0
5146,4.0
5147,1.0
5148,23.0
5149,24.0
5150,16.0
5151,12.0
5152,30.0
5153,27.0
5154,25.0
5155,5.0
5156,1.0
5157,29.0
5158,30.0
5159,25.0
5160,30.0
5161,30.0
5162,10.0
5163,11.0
5164,25.0
5165,3.0
5166,5.0
5167,27.0
5168,19.0
5169,16.0
5170,15.0
5171,27.0
5172,22.0
5173,28.0
5174,22.0
5175,30.0
5176,21.0
5177,13.0
5178,30.0
5179,20.0
5180,30.0
5181,17.0
5182,11.0
5183,24.0
5184,25.0
5185,1.0
5186,28.0
5187,30.0
5188,27.0
5189,14.0
5190,1.0
5191,30.0
5192,16.0
5193,18.0
5194,30.0
5195,27.0
5196,30.0
5197,30.0
5198,29.0
5199,30.0
5200,29.0
5201,30.0
5202,30.0
5203,22.0
5204,7.0
5205,26.0
5206,17.0
5207,30.0
5208,1.0
5209,30.0
5210,16.0
5211,1.0
5212,24.0
5213,4.0
5214,20.0
5215,10.0
5216,20.0
5217,12.0
5218,6.0
5219,8.0
5220,2.0
5221,1.0
5222,11.0
5223,26.0
5224,28.0
5225,13.0
5226,7.0
5227,3.0
5228,1.0
5229,3.0
5230,7.0
5231,7.0
5232,5.0
5233,4.0
5234,5.0
5235,6.0
5236,18.0
5237,6.0
5238,8.0
5239,
5240,
5241,
5242,8.0
5243,1.0
5244,3.0
5245,2.0
5246,3.0
5247,8.0
5248,5.0
5249,2.0
5250,3.0
5251,2.0
5252,3.0
5253,3.0
5254,5.0
5255,3.0
5256,13.0
5257,
5258,
5259,
5260,
5261,
5262,
5263,
5264,
5265,
5266,
5267,
5268,
5269,
5270,
5271,
5272,
5273,
5274,
5275,
5276,
5277,
5278,
5279,
5280,
5281,
5282,
5283,
5284,
5285,
5286,
5287,
5288,
5289,
5290,
5291,
5292,
5293,
5294,
5295,9.0
5296,7.0
5297,15.0
5298,5.0
5299,12.0
5300,6.0
5301,9.0
5302,15.0
5303,22.0
5304,6.0
5305,28.0
5306,60.0
5307,80.0
5308,16.0
5309,24.0
5310,18.0
5311,5.0
5312,11.0
5313,28.0
5314,1.0
5315,13.0
5316,7.0
5317,29.0
5318,5.0
5319,25.0
5320,25.0
5321,23.0
5322,16.0
5323,1.0
5324,1.0
5325,6.0
5326,26.0
5327,30.0
5328,1.0
5329,15.0
5330,30.0
5331,29.0
5332,12.0
5333,21.0
5334,26.0
5335,29.0
5336,1.0
5337,29.0
5338,20.0
5339,15.0
5340,20.0
5341,3.0
5342,12.0
5343,19.0
5344,9.0
5345,21.0
5346,28.0
5347,19.0
5348,27.0
5349,30.0
5350,14.0
5351,19.0
5352,20.0
5353,23.0
5354,27.0
5355,1.0
5356,18.0
5357,1.0
5358,13.0
5359,27.0
5360,13.0
5361,29.0
5362,16.0
5363,12.0
5364,13.0
5365,30.0
5366,19.0
5367,2.0
5368,24.0
5369,29.0
5370,18.0
5371,26.0
5372,20.0
5373,27.0
5374,1.0
5375,14.0
5376,16.0
5377,1.0
5378,26.0
5379,17.0
5380,23.0
5381,25.0
5382,6.0
5383,2.0
5384,1.0
5385,30.0
5386,16.0
5387,1.0
5388,9.0
5389,20.0
5390,13.0
5391,1.0
5392,19.0
5393,9.0
5394,20.0
5395,16.0
5396,1.0
5397,30.0
5398,29.0
5399,20.0
5400,26.0
5401,7.0
5402,9.0
5403,32.0
5404,3.0
5405,1.0
5406,2.0
5407,5.0
5408,3.0
5409,3.0
5410,2.0
5411,3.0
5412,2.0
5413,4.0
5414,5.0
5415,2.0
5416,1.0
5417,1.0
5418,3.0
5419,2.0
5420,8.0
5421,5.0
5422,4.0
5423,2.0
5424,2.0
5425,4.0
5426,3.0
5427,1.0
5428,2.0
5429,2.0
5430,2.0
5431,5.0
5432,
5433,2.0
5434,
5435,1.0
5436,
5437,
5438,
5439,
5440,
5441,
5442,26.0
5443,8.0
5444,18.0
5445,18.0
5446,15.0
5447,23.0
5448,30.0
5449,13.0
5450,12.0
5451,8.0
5452,26.0
5453,2.0
5454,23.0
5455,23.0
5456,29.0
5457,15.0
5458,1.0
5459,15.0
5460,1.0
5461,17.0
5462,13.0
5463,1.0
5464,1.0
5465,26.0
5466,8.0
5467,19.0
5468,26.0
5469,26.0
5470,22.0
5471,14.0
5472,16.0
5473,8.0
5474,1.0
5475,10.0
5476,20.0
5477,30.0
5478,11.0
5479,1.0
5480,12.0
5481,21.0
5482,6.0
5483,4.0
5484,8.0
5485,12.0
5486,28.0
5487,24.0
5488,28.0
5489,26.0
5490,8.0
5491,9.0
5492,5.0
5493,8.0
5494,6.0
5495,5.0
5496,4.0
5497,5.0
5498,3.0
5499,2.0
5500,3.0
5501,1.0
5502,6.0
5503,
5504,
5505,30.0
5506,1.0
5507,
5508,
5509,
5510,30.0
5511,16.0
5512,5.0
5513,27.0
5514,3.0
5515,3.0
5516,3.0
5517,3.0
5518,
5519,
5520,
5521,
5522,
5523,
5524,
5525,
5526,
5527,
5528,
5529,
5530,6.0
5531,21.0
5532,29.0
5533,21.0
5534,11.0
5535,27.0
5536,1.0
5537,10.0
5538,28.0
5539,1.0
5540,21.0
5541,30.0
5542,8.0
5543,5.0
5544,24.0
5545,1.0
5546,22.0
5547,28.0
5548,13.0
5549,23.0
5550,30.0
5551,1.0
5552,11.0
5553,29.0
5554,8.0
5555,22.0
5556,1.0
5557,20.0
5558,20.0
5559,1.0
5560,1.0
5561,18.0
5562,3.0
5563,2.0
5564,12.0
5565,30.0
5566,8.0
5567,24.0
5568,1.0
5569,24.0
5570,1.0
5571,23.0
5572,12.0
5573,25.0
5574,22.0
5575,12.0
5576,12.0
5577,30.0
5578,12.0
5579,1.0
5580,4.0
5581,
5582,13.0
5583,1.0
5584,10.0
5585,1.0
5586,
5587,
5588,20.0
5589,40.0
5590,1.0
5591,12.0
5592,6.0
5593,5.0
5594,3.0
5595,3.0
5596,2.0
5597,
5598,
5599,
5600,
5601,
5602,
5603,
5604,
5605,
5606,
5607,
5608,
5609,
5610,
5611,
5612,
5613,
5614,
5615,
5616,
5617,
5618,
5619,
5620,
5621,
5622,
5623,
5624,
5625,
5626,
5627,
5628,
5629,
5630,
5631,
5632,
5633,
5634,
5635,
5636,
5637,
5638,
5639,
5640,
5641,
5642,
5643,
5644,
5645,
5646,
5647,
5648,
5649,
5650,
5651,
5652,
5653,
5654,
5655,
5656,
5657,
5658,
5659,
5660,
5661,
5662,
5663,
5664,
5665,
5666,
5667,
5668,
5669,
5670,
5671,
5672,
5673,
5674,
5675,
5676,
5677,
5678,
5679,
5680,
5681,4.0
5682,1.0
5683,4.0
5684,21.0
5685,20.0
5686,15.0
5687,9.0
5688,5.0
5689,10.0
5690,24.0
5691,8.0
5692,53.0
5693,27.0
5694,15.0
5695,6.0
5696,13.0
5697,1.0
5698,30.0
5699,30.0
5700,7.0
5701,15.0
5702,12.0
5703,3.0
5704,27.0
5705,18.0
5706,23.0
5707,14.0
5708,22.0
5709,8.0
5710,30.0
5711,14.0
5712,30.0
5713,11.0
5714,1.0
5715,1.0
5716,19.0
5717,18.0
5718,18.0
5719,15.0
5720,13.0
5721,27.0
5722,29.0
5723,17.0
5724,6.0
5725,22.0
5726,20.0
5727,11.0
5728,14.0
5729,30.0
5730,1.0
5731,13.0
5732,8.0
5733,13.0
5734,14.0
5735,22.0
5736,21.0
5737,19.0
5738,5.0
5739,2.0
5740,30.0
5741,14.0
5742,19.0
5743,11.0
5744,8.0
5745,1.0
5746,1.0
5747,1.0
5748,17.0
5749,19.0
5750,15.0
5751,17.0
5752,1.0
5753,16.0
5754,16.0
5755,19.0
5756,1.0
5757,16.0
5758,15.0
5759,12.0
5760,13.0
5761,7.0
5762,12.0
5763,12.0
5764,15.0
5765,15.0
5766,20.0
5767,23.0
5768,30.0
5769,29.0
5770,3.0
5771,16.0
5772,28.0
5773,7.0
5774,9.0
5775,17.0
5776,15.0
5777,21.0
5778,8.0
5779,21.0
5780,15.0
5781,4.0
5782,7.0
5783,1.0
5784,29.0
5785,26.0
5786,27.0
5787,25.0
5788,1.0
5789,20.0
5790,19.0
5791,20.0
5792,20.0
5793,1.0
5794,20.0
5795,11.0
5796,6.0
5797,20.0
5798,19.0
5799,18.0
5800,18.0
5801,9.0
5802,20.0
5803,14.0
5804,20.0
5805,6.0
5806,12.0
5807,20.0
5808,20.0
5809,20.0
5810,20.0
5811,10.0
5812,4.0
5813,22.0
5814,19.0
5815,30.0
5816,10.0
5817,1.0
5818,1.0
5819,24.0
5820,19.0
5821,20.0
5822,7.0
5823,13.0
5824,4.0
5825,22.0
5826,30.0
5827,7.0
5828,40.0
5829,13.0
5830,1.0
5831,12.0
5832,4.0
5833,15.0
5834,2.0
5835,6.0
5836,9.0
5837,22.0
5838,13.0
5839,18.0
5840,2.0
5841,3.0
5842,6.0
5843,2.0
5844,3.0
5845,11.0
5846,43.0
5847,4.0
5848,3.0
5849,15.0
5850,7.0
5851,46.0
5852,2.0
5853,9.0
5854,2.0
5855,4.0
5856,9.0
5857,2.0
5858,2.0
5859,2.0
5860,3.0
5861,2.0
5862,2.0
5863,3.0
5864,2.0
5865,3.0
5866,3.0
5867,7.0
5868,19.0
5869,2.0
5870,2.0
5871,2.0
5872,5.0
5873,3.0
5874,3.0
5875,2.0
5876,2.0
5877,5.0
5878,2.0
5879,3.0
5880,2.0
5881,2.0
5882,3.0
5883,2.0
5884,3.0
5885,3.0
5886,3.0
5887,3.0
5888,2.0
5889,4.0
5890,3.0
5891,3.0
5892,2.0
5893,2.0
5894,2.0
5895,2.0
5896,2.0
5897,2.0
5898,3.0
5899,2.0
5900,2.0
5901,2.0
5902,2.0
5903,2.0
5904,2.0
5905,2.0
5906,2.0
5907,2.0
5908,2.0
5909,3.0
5910,2.0
5911,2.0
5912,2.0
5913,2.0
5914,9.0
5915,3.0
5916,2.0
5917,2.0
5918,4.0
5919,1.0
5920,3.0
5921,3.0
5922,9.0
5923,3.0
5924,3.0
5925,3.0
5926,2.0
5927,2.0
5928,3.0
5929,2.0
5930,2.0
5931,2.0
5932,2.0
5933,3.0
5934,3.0
5935,3.0
5936,3.0
5937,2.0
5938,2.0
5939,2.0
5940,3.0
5941,2.0
5942,2.0
5943,2.0
5944,2.0
5945,8.0
5946,2.0
5947,3.0
5948,2.0
5949,2.0
5950,3.0
5951,3.0
5952,13.0
5953,2.0
5954,3.0
5955,3.0
5956,2.0
5957,2.0
5958,3.0
5959,2.0
5960,2.0
5961,8.0
5962,3.0
5963,2.0
5964,3.0
5965,3.0
5966,2.0
5967,2.0
5968,5.0
5969,2.0
5970,2.0
5971,2.0
5972,2.0
5973,2.0
5974,3.0
5975,2.0
5976,2.0
5977,2.0
5978,2.0
5979,2.0
5980,3.0
5981,2.0
5982,1.0
5983,2.0
5984,2.0
5985,3.0
5986,2.0
5987,1.0
5988,3.0
5989,4.0
5990,3.0
5991,4.0
5992,3.0
5993,3.0
5994,3.0
5995,3.0
5996,2.0
5997,3.0
5998,1.0
5999,3.0
6000,3.0
6001,3.0
6002,2.0
6003,2.0
6004,2.0
6005,8.0
6006,3.0
6007,2.0
6008,2.0
6009,2.0
6010,2.0
6011,2.0
6012,2.0
6013,2.0
6014,2.0
6015,2.0
6016,2.0
6017,24.0
6018,2.0
6019,2.0
6020,3.0
6021,2.0
6022,2.0
6023,2.0
6024,2.0
6025,
6026,
6027,
6028,30.0
6029,8.0
6030,
6031,
6032,
6033,22.0
6034,34.0
6035,23.0
6036,30.0
6037,19.0
6038,14.0
6039,1.0
6040,24.0
6041,27.0
6042,1.0
6043,12.0
6044,18.0
6045,18.0
6046,24.0
6047,1.0
6048,25.0
6049,30.0
6050,20.0
6051,10.0
6052,12.0
6053,15.0
6054,21.0
6055,1.0
6056,6.0
6057,28.0
6058,1.0
6059,1.0
6060,30.0
6061,23.0
6062,1.0
6063,16.0
6064,14.0
6065,3.0
6066,1.0
6067,29.0
6068,12.0
6069,22.0
6070,27.0
6071,20.0
6072,28.0
6073,8.0
6074,1.0
6075,30.0
6076,23.0
6077,1.0
6078,1.0
6079,18.0
6080,19.0
6081,20.0
6082,30.0
6083,27.0
6084,29.0
6085,30.0
6086,16.0
6087,1.0
6088,1.0
6089,21.0
6090,8.0
6091,1.0
6092,20.0
6093,8.0
6094,12.0
6095,30.0
6096,15.0
6097,8.0
6098,3.0
6099,5.0
6100,2.0
6101,
6102,
6103,
6104,
6105,
6106,
6107,
6108,
6109,
6110,
6111,26.0
6112,9.0
6113,15.0
6114,30.0
6115,17.0
6116,11.0
6117,4.0
6118,16.0
6119,10.0
6120,2.0
6121,30.0
6122,24.0
6123,25.0
6124,16.0
6125,1.0
6126,8.0
6127,1.0
6128,14.0
6129,15.0
6130,25.0
6131,8.0
6132,17.0
6133,26.0
6134,1.0
6135,30.0
6136,30.0
6137,1.0
6138,20.0
6139,28.0
6140,23.0
6141,1.0
6142,15.0
6143,29.0
6144,25.0
6145,8.0
6146,1.0
6147,21.0
6148,27.0
6149,5.0
6150,17.0
6151,18.0
6152,30.0
6153,26.0
6154,23.0
6155,21.0
6156,14.0
6157,27.0
6158,21.0
6159,24.0
6160,1.0
6161,10.0
6162,12.0
6163,1.0
6164,13.0
6165,9.0
6166,15.0
6167,15.0
6168,6.0
6169,4.0
6170,10.0
6171,5.0
6172,6.0
6173,6.0
6174,7.0
6175,
6176,
6177,
6178,
6179,
6180,
6181,7.0
6182,25.0
6183,10.0
6184,18.0
6185,5.0
6186,4.0
6187,40.0
6188,16.0
6189,8.0
6190,2.0
6191,35.0
6192,4.0
6193,3.0
6194,3.0
6195,2.0
6196,8.0
6197,6.0
6198,20.0
6199,20.0
6200,14.0
6201,2.0
6202,2.0
6203,2.0
6204,2.0
6205,23.0
6206,11.0
6207,2.0
6208,2.0
6209,19.0
6210,4.0
6211,2.0
6212,16.0
6213,3.0
6214,2.0
6215,2.0
6216,2.0
6217,2.0
6218,2.0
6219,4.0
6220,2.0
6221,2.0
6222,2.0
6223,2.0
6224,3.0
6225,2.0
6226,3.0
6227,3.0
6228,2.0
6229,4.0
6230,3.0
6231,3.0
6232,3.0
6233,2.0
6234,2.0
6235,2.0
6236,3.0
6237,3.0
6238,2.0
6239,3.0
6240,11.0
6241,2.0
6242,2.0
6243,2.0
6244,2.0
6245,2.0
6246,3.0
6247,2.0
6248,4.0
6249,2.0
6250,3.0
6251,2.0
6252,2.0
6253,3.0
6254,2.0
6255,2.0
6256,2.0
6257,3.0
6258,3.0
6259,2.0
6260,2.0
6261,2.0
6262,2.0
6263,3.0
6264,2.0
6265,3.0
6266,2.0
6267,3.0
6268,2.0
6269,2.0
6270,4.0
6271,2.0
6272,2.0
6273,2.0
6274,2.0
6275,2.0
6276,2.0
6277,2.0
6278,4.0
6279,1.0
6280,2.0
6281,2.0
6282,2.0
6283,2.0
6284,7.0
6285,2.0
6286,2.0
6287,2.0
6288,3.0
6289,1.0
6290,2.0
6291,2.0
6292,3.0
6293,2.0
6294,2.0
6295,2.0
6296,2.0
6297,6.0
6298,2.0
6299,2.0
6300,2.0
6301,2.0
6302,2.0
6303,2.0
6304,2.0
6305,2.0
6306,3.0
6307,2.0
6308,2.0
6309,3.0
6310,3.0
6311,4.0
6312,2.0
6313,2.0
6314,2.0
6315,2.0
6316,2.0
6317,2.0
6318,2.0
6319,7.0
6320,
6321,20.0
6322,22.0
6323,20.0
6324,21.0
6325,20.0
6326,
6327,
6328,
6329,15.0
6330,68.0
6331,4.0
6332,20.0
6333,26.0
6334,29.0
6335,10.0
6336,5.0
6337,1.0
6338,4.0
6339,27.0
6340,10.0
6341,6.0
6342,
6343,
6344,
6345,11.0
6346,1.0
6347,8.0
6348,1.0
6349,27.0
6350,28.0
6351,1.0
6352,19.0
6353,30.0
6354,19.0
6355,24.0
6356,21.0
6357,7.0
6358,1.0
6359,1.0
6360,
6361,
6362,
6363,
6364,3.0
6365,8.0
6366,20.0
6367,14.0
6368,10.0
6369,17.0
6370,25.0
6371,30.0
6372,6.0
6373,1.0
6374,1.0
6375,10.0
6376,20.0
6377,6.0
6378,27.0
6379,16.0
6380,1.0
6381,25.0
6382,22.0
6383,5.0
6384,8.0
6385,1.0
6386,20.0
6387,1.0
6388,1.0
6389,1.0
6390,12.0
6391,15.0
6392,1.0
6393,6.0
6394,15.0
6395,21.0
6396,1.0
6397,20.0
6398,15.0
6399,17.0
6400,3.0
6401,1.0
6402,
6403,
6404,
6405,29.0
6406,30.0
6407,30.0
6408,30.0
6409,24.0
6410,30.0
6411,30.0
6412,19.0
6413,24.0
6414,27.0
6415,28.0
6416,30.0
6417,30.0
6418,24.0
6419,30.0
6420,1.0
6421,30.0
6422,30.0
6423,20.0
6424,14.0
6425,29.0
6426,30.0
6427,9.0
6428,1.0
6429,15.0
6430,12.0
6431,1.0
6432,1.0
6433,6.0
6434,
6435,1.0
6436,
6437,
6438,
6439,
6440,13.0
6441,2.0
6442,12.0
6443,30.0
6444,20.0
6445,30.0
6446,30.0
6447,30.0
6448,1.0
6449,15.0
6450,5.0
6451,1.0
6452,8.0
6453,10.0
6454,1.0
6455,20.0
6456,10.0
6457,4.0
6458,1.0
6459,2.0
6460,
6461,
6462,
6463,
6464,
6465,
6466,
6467,
6468,
6469,
6470,
6471,
6472,
6473,
6474,
6475,
6476,
6477,
6478,
6479,
6480,
6481,
6482,
6483,
6484,
6485,
6486,
6487,
6488,
6489,
6490,
6491,
6492,
6493,
6494,
6495,
6496,
6497,
6498,
6499,
6500,
6501,
6502,
6503,
6504,
6505,
6506,
6507,
6508,
6509,
6510,
6511,
6512,
6513,
6514,
6515,
6516,
6517,
6518,
6519,
6520,
6521,
6522,
6523,
6524,
6525,
6526,
6527,
6528,
6529,
6530,
6531,
6532,
6533,
6534,
6535,
6536,
6537,
6538,
6539,
6540,
6541,
6542,
6543,
6544,
6545,
6546,
6547,
6548,
6549,
6550,
6551,
6552,
6553,
6554,
6555,
6556,
6557,
6558,
6559,
6560,
6561,
6562,
6563,
6564,
6565,
6566,
6567,
6568,
6569,
6570,
6571,
6572,
6573,
6574,
6575,
6576,
6577,
6578,
6579,
6580,
6581,
6582,
6583,
6584,
6585,
6586,
6587,
6588,
6589,
6590,
6591,
6592,
6593,
6594,
6595,
6596,
6597,
6598,
6599,
6600,
6601,
6602,
6603,
6604,
6605,
6606,
6607,
6608,
6609,
6610,
6611,
6612,
6613,
6614,
6615,
6616,
6617,
6618,
6619,
6620,
6621,
6622,
6623,
6624,
6625,
6626,
6627,
6628,
6629,
6630,
6631,
6632,
6633,
6634,
6635,
6636,
6637,
6638,
6639,
6640,
6641,
6642,
6643,
6644,
6645,
6646,
6647,
6648,
6649,
6650,
6651,
6652,
6653,
6654,
6655,
6656,
6657,
6658,
6659,
6660,
6661,
6662,
6663,
6664,
6665,
6666,
6667,
6668,
6669,
6670,
6671,
6672,
6673,
6674,
6675,
6676,
6677,
6678,
6679,
6680,
6681,
6682,
6683,
6684,
6685,
6686,
6687,
6688,
6689,
6690,
6691,
6692,
6693,
6694,
6695,
6696,
6697,
6698,
6699,
6700,
6701,
6702,
6703,
6704,
6705,
6706,
6707,
6708,
6709,
6710,
6711,
6712,
6713,
6714,
6715,
6716,
6717,
6718,
6719,
6720,
6721,
6722,
6723,
6724,
6725,
6726,
6727,
6728,
6729,
6730,
6731,
6732,
6733,
6734,
6735,
6736,
6737,
6738,
6739,
6740,9.0
6741,6.0
6742,8.0
6743,6.0
6744,7.0
6745,17.0
6746,20.0
6747,14.0
6748,14.0
6749,7.0
6750,17.0
6751,7.0
6752,26.0
6753,12.0
6754,4.0
6755,7.0
6756,6.0
6757,39.0
6758,3.0
6759,10.0
6760,19.0
6761,11.0
6762,56.0
6763,7.0
6764,11.0
6765,13.0
6766,16.0
6767,3.0
6768,22.0
6769,7.0
6770,10.0
6771,8.0
6772,15.0
6773,10.0
6774,14.0
6775,13.0
6776,11.0
6777,10.0
6778,14.0
6779,11.0
6780,8.0
6781,7.0
6782,15.0
6783,10.0
6784,4.0
6785,15.0
6786,12.0
6787,27.0
6788,8.0
6789,66.0
6790,15.0
6791,8.0
6792,5.0
6793,33.0
6794,14.0
6795,16.0
6796,7.0
6797,16.0
6798,9.0
6799,29.0
6800,28.0
6801,8.0
6802,4.0
6803,11.0
6804,13.0
6805,11.0
6806,10.0
6807,5.0
6808,4.0
6809,16.0
6810,17.0
6811,11.0
6812,8.0
6813,4.0
6814,9.0
6815,5.0
6816,29.0
6817,13.0
6818,11.0
6819,10.0
6820,6.0
6821,7.0
6822,12.0
6823,8.0
6824,13.0
6825,7.0
6826,8.0
6827,17.0
6828,26.0
6829,10.0
6830,1.0
6831,9.0
6832,13.0
6833,18.0
6834,5.0
6835,5.0
6836,8.0
6837,18.0
6838,39.0
6839,13.0
6840,1.0
6841,16.0
6842,22.0
6843,5.0
6844,12.0
6845,9.0
6846,13.0
6847,5.0
6848,1.0
6849,8.0
6850,3.0
6851,4.0
6852,28.0
6853,5.0
6854,10.0
6855,3.0
6856,7.0
6857,11.0
6858,10.0
6859,5.0
6860,9.0
6861,35.0
6862,21.0
6863,12.0
6864,12.0
6865,8.0
6866,12.0
6867,17.0
6868,6.0
6869,12.0
6870,6.0
6871,4.0
6872,10.0
6873,20.0
6874,21.0
6875,4.0
6876,8.0
6877,14.0
6878,13.0
6879,10.0
6880,16.0
6881,9.0
6882,9.0
6883,19.0
6884,5.0
6885,9.0
6886,6.0
6887,15.0
6888,5.0
6889,3.0
6890,10.0
6891,11.0
6892,14.0
6893,9.0
6894,10.0
6895,21.0
6896,10.0
6897,5.0
6898,19.0
6899,13.0
6900,19.0
6901,11.0
6902,3.0
6903,8.0
6904,7.0
6905,5.0
6906,7.0
6907,18.0
6908,8.0
6909,3.0
6910,21.0
6911,11.0
6912,8.0
6913,8.0
6914,13.0
6915,7.0
6916,5.0
6917,14.0
6918,8.0
6919,11.0
6920,12.0
6921,11.0
6922,8.0
6923,15.0
6924,21.0
6925,11.0
6926,6.0
6927,16.0
6928,8.0
6929,9.0
6930,16.0
6931,8.0
6932,1.0
6933,7.0
6934,13.0
6935,1.0
6936,3.0
6937,30.0
6938,6.0
6939,6.0
6940,10.0
6941,15.0
6942,9.0
6943,17.0
6944,8.0
6945,7.0
6946,17.0
6947,8.0
6948,16.0
6949,20.0
6950,20.0
6951,6.0
6952,37.0
6953,153.0
6954,52.0
6955,54.0
6956,42.0
6957,46.0
6958,26.0
6959,26.0
6960,22.0
6961,1.0
6962,1.0
6963,18.0
6964,30.0
6965,1.0
6966,16.0
6967,4.0
6968,30.0
6969,28.0
6970,11.0
6971,1.0
6972,2.0
6973,21.0
6974,1.0
6975,18.0
6976,22.0
6977,5.0
6978,30.0
6979,1.0
6980,1.0
6981,15.0
6982,11.0
6983,19.0
6984,22.0
6985,26.0
6986,30.0
6987,8.0
6988,25.0
6989,10.0
6990,1.0
6991,6.0
6992,1.0
6993,14.0
6994,7.0
6995,5.0
6996,20.0
6997,20.0
6998,14.0
6999,20.0
7000,6.0
7001,9.0
7002,7.0
7003,9.0
7004,20.0
7005,
7006,12.0
7007,11.0
7008,20.0
7009,22.0
7010,14.0
7011,17.0
7012,11.0
7013,35.0
7014,6.0
7015,5.0
7016,11.0
7017,15.0
7018,4.0
7019,26.0
7020,30.0
7021,7.0
7022,7.0
7023,7.0
7024,7.0
7025,13.0
7026,12.0
7027,12.0
7028,12.0
7029,18.0
7030,30.0
7031,13.0
7032,36.0
7033,28.0
7034,31.0
7035,32.0
7036,29.0
7037,26.0
7038,40.0
7039,34.0
7040,15.0
7041,22.0
7042,1.0
7043,1.0
7044,2.0
7045,4.0
7046,41.0
7047,22.0
7048,24.0
7049,25.0
7050,41.0
7051,18.0
7052,4.0
7053,1.0
7054,9.0
7055,80.0
7056,11.0
7057,6.0
7058,11.0
7059,7.0
7060,12.0
7061,9.0
7062,25.0
7063,10.0
7064,5.0
7065,27.0
7066,12.0
7067,2.0
7068,2.0
7069,5.0
7070,3.0
7071,13.0
7072,2.0
7073,1.0
7074,24.0
7075,15.0
7076,5.0
7077,22.0
7078,19.0
7079,19.0
7080,2.0
7081,2.0
7082,10.0
7083,10.0
7084,6.0
7085,3.0
7086,9.0
7087,8.0
7088,4.0
7089,4.0
7090,46.0
7091,21.0
7092,3.0
7093,17.0
7094,10.0
7095,10.0
7096,17.0
7097,3.0
7098,1.0
7099,3.0
7100,15.0
7101,4.0
7102,12.0
7103,4.0
7104,1.0
7105,2.0
7106,4.0
7107,9.0
7108,6.0
7109,14.0
7110,3.0
7111,5.0
7112,2.0
7113,11.0
7114,32.0
7115,4.0
7116,28.0
7117,1.0
7118,41.0
7119,
7120,
7121,
7122,
7123,
7124,
7125,
7126,
7127,29.0
7128,17.0
7129,21.0
7130,1.0
7131,8.0
7132,10.0
7133,
7134,25.0
7135,25.0
7136,7.0
7137,3.0
7138,
7139,
7140,
7141,
7142,
7143,
7144,
7145,
7146,
7147,
7148,
7149,
7150,
7151,
7152,
7153,
7154,
7155,
7156,
7157,
7158,
7159,
7160,
7161,
7162,22.0
7163,7.0
7164,15.0
7165,18.0
7166,29.0
7167,19.0
7168,15.0
7169,26.0
7170,19.0
7171,29.0
7172,4.0
7173,2.0
7174,18.0
7175,1.0
7176,12.0
7177,7.0
7178,1.0
7179,16.0
7180,24.0
7181,9.0
7182,17.0
7183,20.0
7184,19.0
7185,1.0
7186,1.0
7187,10.0
7188,30.0
7189,10.0
7190,13.0
7191,21.0
7192,28.0
7193,29.0
7194,30.0
7195,15.0
7196,30.0
7197,1.0
7198,29.0
7199,1.0
7200,12.0
7201,30.0
7202,17.0
7203,15.0
7204,13.0
7205,1.0
7206,25.0
7207,29.0
7208,14.0
7209,9.0
7210,14.0
7211,21.0
7212,28.0
7213,15.0
7214,18.0
7215,7.0
7216,1.0
7217,1.0
7218,30.0
7219,21.0
7220,11.0
7221,10.0
7222,27.0
7223,24.0
7224,5.0
7225,15.0
7226,30.0
7227,24.0
7228,1.0
7229,13.0
7230,29.0
7231,25.0
7232,11.0
7233,2.0
7234,2.0
7235,3.0
7236,5.0
7237,2.0
7238,1.0
7239,4.0
7240,2.0
7241,2.0
7242,4.0
7243,1.0
